{
  "lodo_results": {
    "art_painting": 0.796368989205103,
    "cartoon": 0.7244027303754266,
    "photo": 0.948502994011976,
    "sketch": 0.6683634512598625
  },
  "timestamp": "20251114_213206"
}