{
  "lodo_results": {
    "art_painting": 0.7826300294406281,
    "cartoon": 0.7546928327645052,
    "photo": 0.948502994011976,
    "sketch": 0.6734538050394503
  },
  "timestamp": "20251114_211616"
}