{
  "lodo_results": {
    "location_38": 0.21644312480802702,
    "location_43": 0.3982587064676617,
    "location_46": 0.3293041489709245,
    "location_100": 0.5195736831317893
  },
  "timestamp": "20251020_021436"
}