{
  "lodo_results": {
    "location_38": 0.20415685471485615,
    "location_43": 0.4318407960199005,
    "location_46": 0.3090493302842208,
    "location_100": 0.5144496823119492
  },
  "timestamp": "20251020_053333"
}