{
  "lodo_results": {
    "Art": 0.7898640296662547,
    "Clipart": 0.6714776632302405,
    "Product": 0.865510250056319,
    "Real World": 0.8820289189809501
  },
  "timestamp": "20251020_121600"
}