{
  "lodo_results": {
    "red": 0.9801366597807087,
    "green": 0.9595687331536388,
    "blue": 0.9376102646351243
  },
  "timestamp": "20251010_224006"
}