{
  "lodo_results": {
    "VOC2007": 0.8293838862559242,
    "LabelMe": 0.6848644578313253,
    "Caltech101": 0.9886925795053003,
    "SUN09": 0.8086532602071907
  },
  "timestamp": "20251020_095126"
}