2025-11-23 17:07:57,407 | INFO | Initialized experiment directories for OfficeHome
2025-11-23 17:07:57,408 | INFO | Logs: d:\Haseeb\SPROJ\GRQO\Vit-GRQO\resnet18_experiments\OfficeHome\logs
2025-11-23 17:07:57,409 | INFO | Checkpoints: d:\Haseeb\SPROJ\GRQO\Vit-GRQO\resnet18_experiments\OfficeHome\checkpoints
2025-11-23 17:07:57,409 | INFO | Plots: d:\Haseeb\SPROJ\GRQO\Vit-GRQO\resnet18_experiments\OfficeHome\plots
2025-11-23 17:12:07,658 | INFO | === LODO: Leaving out domain 'Art' ===
2025-11-23 17:12:24,942 | INFO | [Art] Epoch 1/5 | Train - Loss: 3.8481, Cls: 3.8370, GRQO: 0.2225, Acc: 0.1954 | Val - Loss: 3.3911, Cls: 3.3861, GRQO: 0.1003, Acc: 0.2928
2025-11-23 17:12:25,000 | INFO | [Art] New best val acc: 0.2928
2025-11-23 17:12:41,632 | INFO | [Art] Epoch 2/5 | Train - Loss: 2.5099, Cls: 2.5033, GRQO: 0.1321, Acc: 0.5222 | Val - Loss: 2.6730, Cls: 2.6673, GRQO: 0.1132, Acc: 0.3670
2025-11-23 17:12:41,701 | INFO | [Art] New best val acc: 0.3670
2025-11-23 17:12:58,515 | INFO | [Art] Epoch 3/5 | Train - Loss: 1.3261, Cls: 1.3190, GRQO: 0.1432, Acc: 0.7575 | Val - Loss: 2.3021, Cls: 2.2938, GRQO: 0.1671, Acc: 0.4412
2025-11-23 17:12:58,591 | INFO | [Art] New best val acc: 0.4412
2025-11-23 17:13:15,414 | INFO | [Art] Epoch 4/5 | Train - Loss: 0.6017, Cls: 0.5953, GRQO: 0.1280, Acc: 0.9301 | Val - Loss: 2.2772, Cls: 2.2704, GRQO: 0.1367, Acc: 0.4454
2025-11-23 17:13:15,481 | INFO | [Art] New best val acc: 0.4454
2025-11-23 17:13:32,005 | INFO | [Art] Epoch 5/5 | Train - Loss: 0.2494, Cls: 0.2444, GRQO: 0.0990, Acc: 0.9886 | Val - Loss: 2.1985, Cls: 2.1936, GRQO: 0.0965, Acc: 0.4515
2025-11-23 17:13:32,066 | INFO | [Art] New best val acc: 0.4515
2025-11-23 17:13:32,067 | INFO | [Art] Best Acc: 0.4515
2025-11-23 17:13:32,067 | INFO | ------------------------------------------------------------
2025-11-23 17:13:32,164 | INFO | === LODO: Leaving out domain 'Clipart' ===
2025-11-23 17:13:48,764 | INFO | [Clipart] Epoch 1/5 | Train - Loss: 3.9149, Cls: 3.9041, GRQO: 0.2170, Acc: 0.1917 | Val - Loss: 3.6630, Cls: 3.6573, GRQO: 0.1146, Acc: 0.2440
2025-11-23 17:13:48,817 | INFO | [Clipart] New best val acc: 0.2440
2025-11-23 17:14:05,230 | INFO | [Clipart] Epoch 2/5 | Train - Loss: 2.6645, Cls: 2.6543, GRQO: 0.2054, Acc: 0.5381 | Val - Loss: 2.8914, Cls: 2.8788, GRQO: 0.2508, Acc: 0.3184
2025-11-23 17:14:05,283 | INFO | [Clipart] New best val acc: 0.3184
2025-11-23 17:14:21,856 | INFO | [Clipart] Epoch 3/5 | Train - Loss: 1.4382, Cls: 1.4244, GRQO: 0.2747, Acc: 0.7593 | Val - Loss: 2.6060, Cls: 2.5871, GRQO: 0.3784, Acc: 0.3906
2025-11-23 17:14:21,919 | INFO | [Clipart] New best val acc: 0.3906
2025-11-23 17:14:38,413 | INFO | [Clipart] Epoch 4/5 | Train - Loss: 0.6850, Cls: 0.6736, GRQO: 0.2278, Acc: 0.9175 | Val - Loss: 2.3730, Cls: 2.3566, GRQO: 0.3270, Acc: 0.4238
2025-11-23 17:14:38,482 | INFO | [Clipart] New best val acc: 0.4238
2025-11-23 17:14:54,848 | INFO | [Clipart] Epoch 5/5 | Train - Loss: 0.3029, Cls: 0.2944, GRQO: 0.1695, Acc: 0.9875 | Val - Loss: 2.4265, Cls: 2.4148, GRQO: 0.2337, Acc: 0.4192
2025-11-23 17:14:54,848 | INFO | [Clipart] Best Acc: 0.4238
2025-11-23 17:14:54,849 | INFO | ------------------------------------------------------------
2025-11-23 17:14:54,948 | INFO | === LODO: Leaving out domain 'Product' ===
2025-11-23 17:15:11,662 | INFO | [Product] Epoch 1/5 | Train - Loss: 3.9626, Cls: 3.9512, GRQO: 0.2283, Acc: 0.1131 | Val - Loss: 3.5267, Cls: 3.5223, GRQO: 0.0872, Acc: 0.2322
2025-11-23 17:15:11,715 | INFO | [Product] New best val acc: 0.2322
2025-11-23 17:15:28,094 | INFO | [Product] Epoch 2/5 | Train - Loss: 2.9180, Cls: 2.9117, GRQO: 0.1268, Acc: 0.4235 | Val - Loss: 2.5973, Cls: 2.5904, GRQO: 0.1373, Acc: 0.4160
2025-11-23 17:15:28,148 | INFO | [Product] New best val acc: 0.4160
2025-11-23 17:15:44,562 | INFO | [Product] Epoch 3/5 | Train - Loss: 1.8310, Cls: 1.8230, GRQO: 0.1601, Acc: 0.6442 | Val - Loss: 2.0162, Cls: 2.0083, GRQO: 0.1575, Acc: 0.5287
2025-11-23 17:15:44,631 | INFO | [Product] New best val acc: 0.5287
2025-11-23 17:16:01,212 | INFO | [Product] Epoch 4/5 | Train - Loss: 0.9705, Cls: 0.9619, GRQO: 0.1728, Acc: 0.8609 | Val - Loss: 1.6617, Cls: 1.6527, GRQO: 0.1806, Acc: 0.5806
2025-11-23 17:16:01,264 | INFO | [Product] New best val acc: 0.5806
2025-11-23 17:16:17,878 | INFO | [Product] Epoch 5/5 | Train - Loss: 0.4573, Cls: 0.4497, GRQO: 0.1505, Acc: 0.9551 | Val - Loss: 1.4980, Cls: 1.4904, GRQO: 0.1517, Acc: 0.6246
2025-11-23 17:16:17,930 | INFO | [Product] New best val acc: 0.6246
2025-11-23 17:16:17,930 | INFO | [Product] Best Acc: 0.6246
2025-11-23 17:16:17,944 | INFO | ------------------------------------------------------------
2025-11-23 17:16:18,044 | INFO | === LODO: Leaving out domain 'Real World' ===
2025-11-23 17:16:35,240 | INFO | [Real World] Epoch 1/5 | Train - Loss: 3.9529, Cls: 3.9448, GRQO: 0.1616, Acc: 0.1318 | Val - Loss: 3.5105, Cls: 3.5067, GRQO: 0.0767, Acc: 0.2170
2025-11-23 17:16:35,316 | INFO | [Real World] New best val acc: 0.2170
2025-11-23 17:16:52,385 | INFO | [Real World] Epoch 2/5 | Train - Loss: 2.8951, Cls: 2.8880, GRQO: 0.1418, Acc: 0.4379 | Val - Loss: 2.4910, Cls: 2.4826, GRQO: 0.1686, Acc: 0.4259
2025-11-23 17:16:52,456 | INFO | [Real World] New best val acc: 0.4259
2025-11-23 17:17:09,813 | INFO | [Real World] Epoch 3/5 | Train - Loss: 1.7388, Cls: 1.7289, GRQO: 0.1998, Acc: 0.6539 | Val - Loss: 1.9194, Cls: 1.9088, GRQO: 0.2120, Acc: 0.5522
2025-11-23 17:17:09,903 | INFO | [Real World] New best val acc: 0.5522
2025-11-23 17:17:27,093 | INFO | [Real World] Epoch 4/5 | Train - Loss: 0.8936, Cls: 0.8843, GRQO: 0.1863, Acc: 0.8771 | Val - Loss: 1.6005, Cls: 1.5910, GRQO: 0.1906, Acc: 0.6016
2025-11-23 17:17:27,162 | INFO | [Real World] New best val acc: 0.6016
2025-11-23 17:17:44,074 | INFO | [Real World] Epoch 5/5 | Train - Loss: 0.3903, Cls: 0.3827, GRQO: 0.1531, Acc: 0.9724 | Val - Loss: 1.4849, Cls: 1.4772, GRQO: 0.1544, Acc: 0.6315
2025-11-23 17:17:44,168 | INFO | [Real World] New best val acc: 0.6315
2025-11-23 17:17:44,169 | INFO | [Real World] Best Acc: 0.6315
2025-11-23 17:17:44,169 | INFO | ------------------------------------------------------------
2025-11-23 17:17:44,170 | INFO | LODO finished | Mean Acc: 0.5329 | Summary saved to ./search_temp\logs\lodo_summary_20251123_171744.json
2025-11-23 17:17:44,291 | INFO | === LODO: Leaving out domain 'Art' ===
2025-11-23 17:18:01,826 | INFO | [Art] Epoch 1/5 | Train - Loss: 4.0350, Cls: 4.0302, GRQO: 0.0482, Acc: 0.1102 | Val - Loss: 3.8091, Cls: 3.8067, GRQO: 0.0238, Acc: 0.1711
2025-11-23 17:18:01,926 | INFO | [Art] New best val acc: 0.1711
2025-11-23 17:18:19,044 | INFO | [Art] Epoch 2/5 | Train - Loss: 3.2922, Cls: 3.2882, GRQO: 0.0397, Acc: 0.3793 | Val - Loss: 2.8586, Cls: 2.8542, GRQO: 0.0445, Acc: 0.3155
2025-11-23 17:18:19,095 | INFO | [Art] New best val acc: 0.3155
2025-11-23 17:18:36,181 | INFO | [Art] Epoch 3/5 | Train - Loss: 2.2424, Cls: 2.2365, GRQO: 0.0585, Acc: 0.5671 | Val - Loss: 2.4265, Cls: 2.4185, GRQO: 0.0805, Acc: 0.4021
2025-11-23 17:18:36,245 | INFO | [Art] New best val acc: 0.4021
2025-11-23 17:18:53,258 | INFO | [Art] Epoch 4/5 | Train - Loss: 1.4135, Cls: 1.4060, GRQO: 0.0753, Acc: 0.7628 | Val - Loss: 2.1660, Cls: 2.1531, GRQO: 0.1291, Acc: 0.4577
2025-11-23 17:18:53,327 | INFO | [Art] New best val acc: 0.4577
2025-11-23 17:19:10,358 | INFO | [Art] Epoch 5/5 | Train - Loss: 0.8307, Cls: 0.8214, GRQO: 0.0932, Acc: 0.8924 | Val - Loss: 2.1431, Cls: 2.1241, GRQO: 0.1907, Acc: 0.4722
2025-11-23 17:19:10,427 | INFO | [Art] New best val acc: 0.4722
2025-11-23 17:19:10,427 | INFO | [Art] Best Acc: 0.4722
2025-11-23 17:19:10,427 | INFO | ------------------------------------------------------------
2025-11-23 17:19:10,546 | INFO | === LODO: Leaving out domain 'Clipart' ===
2025-11-23 17:19:27,708 | INFO | [Clipart] Epoch 1/5 | Train - Loss: 4.0186, Cls: 4.0148, GRQO: 0.0384, Acc: 0.1422 | Val - Loss: 3.8577, Cls: 3.8558, GRQO: 0.0189, Acc: 0.1879
2025-11-23 17:19:27,777 | INFO | [Clipart] New best val acc: 0.1879
2025-11-23 17:19:44,873 | INFO | [Clipart] Epoch 2/5 | Train - Loss: 3.2948, Cls: 3.2910, GRQO: 0.0383, Acc: 0.4195 | Val - Loss: 3.1022, Cls: 3.0967, GRQO: 0.0550, Acc: 0.2772
2025-11-23 17:19:44,949 | INFO | [Clipart] New best val acc: 0.2772
2025-11-23 17:20:02,006 | INFO | [Clipart] Epoch 3/5 | Train - Loss: 2.2846, Cls: 2.2771, GRQO: 0.0751, Acc: 0.5809 | Val - Loss: 2.7130, Cls: 2.6972, GRQO: 0.1573, Acc: 0.3562
2025-11-23 17:20:02,059 | INFO | [Clipart] New best val acc: 0.3562
2025-11-23 17:20:19,193 | INFO | [Clipart] Epoch 4/5 | Train - Loss: 1.4919, Cls: 1.4816, GRQO: 0.1029, Acc: 0.7508 | Val - Loss: 2.4851, Cls: 2.4615, GRQO: 0.2357, Acc: 0.4135
2025-11-23 17:20:19,258 | INFO | [Clipart] New best val acc: 0.4135
2025-11-23 17:20:36,357 | INFO | [Clipart] Epoch 5/5 | Train - Loss: 0.9353, Cls: 0.9223, GRQO: 0.1306, Acc: 0.8725 | Val - Loss: 2.4872, Cls: 2.4568, GRQO: 0.3039, Acc: 0.4112
2025-11-23 17:20:36,357 | INFO | [Clipart] Best Acc: 0.4135
2025-11-23 17:20:36,372 | INFO | ------------------------------------------------------------
2025-11-23 17:20:36,473 | INFO | === LODO: Leaving out domain 'Product' ===
2025-11-23 17:20:53,440 | INFO | [Product] Epoch 1/5 | Train - Loss: 4.0596, Cls: 4.0558, GRQO: 0.0383, Acc: 0.0956 | Val - Loss: 3.8077, Cls: 3.8060, GRQO: 0.0173, Acc: 0.2029
2025-11-23 17:20:53,507 | INFO | [Product] New best val acc: 0.2029
2025-11-23 17:21:10,239 | INFO | [Product] Epoch 2/5 | Train - Loss: 3.4656, Cls: 3.4625, GRQO: 0.0311, Acc: 0.3100 | Val - Loss: 3.0148, Cls: 3.0117, GRQO: 0.0308, Acc: 0.3258
2025-11-23 17:21:10,291 | INFO | [Product] New best val acc: 0.3258
2025-11-23 17:21:27,156 | INFO | [Product] Epoch 3/5 | Train - Loss: 2.6126, Cls: 2.6076, GRQO: 0.0501, Acc: 0.4410 | Val - Loss: 2.3217, Cls: 2.3158, GRQO: 0.0590, Acc: 0.4340
2025-11-23 17:21:27,223 | INFO | [Product] New best val acc: 0.4340
2025-11-23 17:21:43,841 | INFO | [Product] Epoch 4/5 | Train - Loss: 1.8029, Cls: 1.7958, GRQO: 0.0713, Acc: 0.6532 | Val - Loss: 1.8669, Cls: 1.8536, GRQO: 0.1330, Acc: 0.5468
2025-11-23 17:21:44,021 | INFO | [Product] New best val acc: 0.5468
2025-11-23 17:22:00,788 | INFO | [Product] Epoch 5/5 | Train - Loss: 1.1333, Cls: 1.1217, GRQO: 0.1161, Acc: 0.8443 | Val - Loss: 1.6322, Cls: 1.6051, GRQO: 0.2712, Acc: 0.5908
2025-11-23 17:22:00,842 | INFO | [Product] New best val acc: 0.5908
2025-11-23 17:22:00,854 | INFO | [Product] Best Acc: 0.5908
2025-11-23 17:22:00,854 | INFO | ------------------------------------------------------------
2025-11-23 17:22:00,956 | INFO | === LODO: Leaving out domain 'Real World' ===
2025-11-23 17:22:17,692 | INFO | [Real World] Epoch 1/5 | Train - Loss: 4.0640, Cls: 4.0594, GRQO: 0.0451, Acc: 0.0690 | Val - Loss: 3.8368, Cls: 3.8351, GRQO: 0.0177, Acc: 0.1148
2025-11-23 17:22:17,755 | INFO | [Real World] New best val acc: 0.1148
2025-11-23 17:22:34,220 | INFO | [Real World] Epoch 2/5 | Train - Loss: 3.5010, Cls: 3.4978, GRQO: 0.0317, Acc: 0.2677 | Val - Loss: 3.0046, Cls: 3.0019, GRQO: 0.0268, Acc: 0.2595
2025-11-23 17:22:34,298 | INFO | [Real World] New best val acc: 0.2595
2025-11-23 17:22:51,071 | INFO | [Real World] Epoch 3/5 | Train - Loss: 2.6167, Cls: 2.6118, GRQO: 0.0489, Acc: 0.5069 | Val - Loss: 2.3031, Cls: 2.2979, GRQO: 0.0520, Acc: 0.4328
2025-11-23 17:22:51,175 | INFO | [Real World] New best val acc: 0.4328
2025-11-23 17:23:07,853 | INFO | [Real World] Epoch 4/5 | Train - Loss: 1.8024, Cls: 1.7958, GRQO: 0.0657, Acc: 0.6682 | Val - Loss: 1.8464, Cls: 1.8365, GRQO: 0.0990, Acc: 0.5304
2025-11-23 17:23:07,924 | INFO | [Real World] New best val acc: 0.5304
2025-11-23 17:23:25,107 | INFO | [Real World] Epoch 5/5 | Train - Loss: 1.1415, Cls: 1.1324, GRQO: 0.0909, Acc: 0.8388 | Val - Loss: 1.5563, Cls: 1.5368, GRQO: 0.1950, Acc: 0.6039
2025-11-23 17:23:25,185 | INFO | [Real World] New best val acc: 0.6039
2025-11-23 17:23:25,186 | INFO | [Real World] Best Acc: 0.6039
2025-11-23 17:23:25,186 | INFO | ------------------------------------------------------------
2025-11-23 17:23:25,188 | INFO | LODO finished | Mean Acc: 0.5201 | Summary saved to ./search_temp\logs\lodo_summary_20251123_172325.json
2025-11-23 17:23:25,289 | INFO | === LODO: Leaving out domain 'Art' ===
2025-11-23 17:23:42,255 | INFO | [Art] Epoch 1/5 | Train - Loss: 3.9625, Cls: 3.9499, GRQO: 0.1257, Acc: 0.1524 | Val - Loss: 3.5489, Cls: 3.5454, GRQO: 0.0346, Acc: 0.3093
2025-11-23 17:23:42,320 | INFO | [Art] New best val acc: 0.3093
2025-11-23 17:23:59,219 | INFO | [Art] Epoch 2/5 | Train - Loss: 2.9124, Cls: 2.9029, GRQO: 0.0951, Acc: 0.4652 | Val - Loss: 2.7086, Cls: 2.7037, GRQO: 0.0485, Acc: 0.3546
2025-11-23 17:23:59,287 | INFO | [Art] New best val acc: 0.3546
2025-11-23 17:24:16,186 | INFO | [Art] Epoch 3/5 | Train - Loss: 1.8011, Cls: 1.7898, GRQO: 0.1126, Acc: 0.6625 | Val - Loss: 2.3357, Cls: 2.3297, GRQO: 0.0606, Acc: 0.4165
2025-11-23 17:24:16,255 | INFO | [Art] New best val acc: 0.4165
2025-11-23 17:24:33,186 | INFO | [Art] Epoch 4/5 | Train - Loss: 1.0124, Cls: 1.0019, GRQO: 0.1047, Acc: 0.8693 | Val - Loss: 2.1768, Cls: 2.1714, GRQO: 0.0536, Acc: 0.4412
2025-11-23 17:24:33,254 | INFO | [Art] New best val acc: 0.4412
2025-11-23 17:24:50,285 | INFO | [Art] Epoch 5/5 | Train - Loss: 0.5363, Cls: 0.5266, GRQO: 0.0975, Acc: 0.9525 | Val - Loss: 2.1448, Cls: 2.1396, GRQO: 0.0522, Acc: 0.4804
2025-11-23 17:24:50,372 | INFO | [Art] New best val acc: 0.4804
2025-11-23 17:24:50,372 | INFO | [Art] Best Acc: 0.4804
2025-11-23 17:24:50,373 | INFO | ------------------------------------------------------------
2025-11-23 17:24:50,484 | INFO | === LODO: Leaving out domain 'Clipart' ===
2025-11-23 17:25:07,605 | INFO | [Clipart] Epoch 1/5 | Train - Loss: 3.9740, Cls: 3.9620, GRQO: 0.1208, Acc: 0.1342 | Val - Loss: 3.7323, Cls: 3.7291, GRQO: 0.0321, Acc: 0.2337
2025-11-23 17:25:07,671 | INFO | [Clipart] New best val acc: 0.2337
2025-11-23 17:25:24,838 | INFO | [Clipart] Epoch 2/5 | Train - Loss: 3.0176, Cls: 3.0082, GRQO: 0.0935, Acc: 0.4784 | Val - Loss: 2.9573, Cls: 2.9509, GRQO: 0.0645, Acc: 0.3173
2025-11-23 17:25:24,904 | INFO | [Clipart] New best val acc: 0.3173
2025-11-23 17:25:41,917 | INFO | [Clipart] Epoch 3/5 | Train - Loss: 1.8997, Cls: 1.8879, GRQO: 0.1177, Acc: 0.6844 | Val - Loss: 2.7358, Cls: 2.7269, GRQO: 0.0890, Acc: 0.3482
2025-11-23 17:25:42,013 | INFO | [Clipart] New best val acc: 0.3482
2025-11-23 17:25:59,017 | INFO | [Clipart] Epoch 4/5 | Train - Loss: 1.0886, Cls: 1.0771, GRQO: 0.1157, Acc: 0.8685 | Val - Loss: 2.4682, Cls: 2.4593, GRQO: 0.0899, Acc: 0.4135
2025-11-23 17:25:59,091 | INFO | [Clipart] New best val acc: 0.4135
2025-11-23 17:26:15,974 | INFO | [Clipart] Epoch 5/5 | Train - Loss: 0.5904, Cls: 0.5796, GRQO: 0.1074, Acc: 0.9514 | Val - Loss: 2.4556, Cls: 2.4460, GRQO: 0.0959, Acc: 0.4112
2025-11-23 17:26:15,974 | INFO | [Clipart] Best Acc: 0.4135
2025-11-23 17:26:15,974 | INFO | ------------------------------------------------------------
2025-11-23 17:26:16,089 | INFO | === LODO: Leaving out domain 'Product' ===
2025-11-23 17:26:33,132 | INFO | [Product] Epoch 1/5 | Train - Loss: 4.0405, Cls: 4.0276, GRQO: 0.1286, Acc: 0.0983 | Val - Loss: 3.6889, Cls: 3.6852, GRQO: 0.0364, Acc: 0.2063
2025-11-23 17:26:33,203 | INFO | [Product] New best val acc: 0.2063
2025-11-23 17:26:50,319 | INFO | [Product] Epoch 2/5 | Train - Loss: 3.2437, Cls: 3.2343, GRQO: 0.0942, Acc: 0.3625 | Val - Loss: 2.8229, Cls: 2.8182, GRQO: 0.0466, Acc: 0.3123
2025-11-23 17:26:50,397 | INFO | [Product] New best val acc: 0.3123
2025-11-23 17:27:07,452 | INFO | [Product] Epoch 3/5 | Train - Loss: 2.2815, Cls: 2.2705, GRQO: 0.1097, Acc: 0.5532 | Val - Loss: 2.1523, Cls: 2.1470, GRQO: 0.0523, Acc: 0.4758
2025-11-23 17:27:07,516 | INFO | [Product] New best val acc: 0.4758
2025-11-23 17:27:24,522 | INFO | [Product] Epoch 4/5 | Train - Loss: 1.4364, Cls: 1.4254, GRQO: 0.1103, Acc: 0.7793 | Val - Loss: 1.7958, Cls: 1.7906, GRQO: 0.0516, Acc: 0.5445
2025-11-23 17:27:24,584 | INFO | [Product] New best val acc: 0.5445
2025-11-23 17:27:41,619 | INFO | [Product] Epoch 5/5 | Train - Loss: 0.8132, Cls: 0.8023, GRQO: 0.1090, Acc: 0.9255 | Val - Loss: 1.5713, Cls: 1.5657, GRQO: 0.0560, Acc: 0.6178
2025-11-23 17:27:41,698 | INFO | [Product] New best val acc: 0.6178
2025-11-23 17:27:41,699 | INFO | [Product] Best Acc: 0.6178
2025-11-23 17:27:41,699 | INFO | ------------------------------------------------------------
2025-11-23 17:27:41,808 | INFO | === LODO: Leaving out domain 'Real World' ===
2025-11-23 17:27:58,934 | INFO | [Real World] Epoch 1/5 | Train - Loss: 4.0267, Cls: 4.0158, GRQO: 0.1086, Acc: 0.1002 | Val - Loss: 3.6691, Cls: 3.6667, GRQO: 0.0242, Acc: 0.2147
2025-11-23 17:27:59,019 | INFO | [Real World] New best val acc: 0.2147
2025-11-23 17:28:16,399 | INFO | [Real World] Epoch 2/5 | Train - Loss: 3.2437, Cls: 3.2336, GRQO: 0.1003, Acc: 0.4085 | Val - Loss: 2.6582, Cls: 2.6513, GRQO: 0.0693, Acc: 0.3904
2025-11-23 17:28:16,495 | INFO | [Real World] New best val acc: 0.3904
2025-11-23 17:28:33,397 | INFO | [Real World] Epoch 3/5 | Train - Loss: 2.1848, Cls: 2.1713, GRQO: 0.1349, Acc: 0.6156 | Val - Loss: 2.0294, Cls: 2.0212, GRQO: 0.0823, Acc: 0.5109
2025-11-23 17:28:33,486 | INFO | [Real World] New best val acc: 0.5109
2025-11-23 17:28:50,697 | INFO | [Real World] Epoch 4/5 | Train - Loss: 1.2997, Cls: 1.2865, GRQO: 0.1315, Acc: 0.8143 | Val - Loss: 1.6484, Cls: 1.6405, GRQO: 0.0791, Acc: 0.5878
2025-11-23 17:28:50,766 | INFO | [Real World] New best val acc: 0.5878
2025-11-23 17:29:07,363 | INFO | [Real World] Epoch 5/5 | Train - Loss: 0.7097, Cls: 0.6975, GRQO: 0.1223, Acc: 0.9336 | Val - Loss: 1.4778, Cls: 1.4702, GRQO: 0.0763, Acc: 0.6234
2025-11-23 17:29:07,416 | INFO | [Real World] New best val acc: 0.6234
2025-11-23 17:29:07,416 | INFO | [Real World] Best Acc: 0.6234
2025-11-23 17:29:07,416 | INFO | ------------------------------------------------------------
2025-11-23 17:29:07,416 | INFO | LODO finished | Mean Acc: 0.5338 | Summary saved to ./search_temp\logs\lodo_summary_20251123_172907.json
2025-11-23 17:29:07,539 | INFO | === LODO: Leaving out domain 'Art' ===
2025-11-23 17:29:24,561 | INFO | [Art] Epoch 1/5 | Train - Loss: 4.1659, Cls: 4.0477, GRQO: 0.2364, Acc: 0.1174 | Val - Loss: 3.8506, Cls: 3.8405, GRQO: 0.0201, Acc: 0.2392
2025-11-23 17:29:24,652 | INFO | [Art] New best val acc: 0.2392
2025-11-23 17:29:41,653 | INFO | [Art] Epoch 2/5 | Train - Loss: 3.4841, Cls: 3.4242, GRQO: 0.1198, Acc: 0.3489 | Val - Loss: 3.0141, Cls: 3.0102, GRQO: 0.0079, Acc: 0.3258
2025-11-23 17:29:41,720 | INFO | [Art] New best val acc: 0.3258
2025-11-23 17:29:58,891 | INFO | [Art] Epoch 3/5 | Train - Loss: 2.5115, Cls: 2.4504, GRQO: 0.1223, Acc: 0.5192 | Val - Loss: 2.5722, Cls: 2.5695, GRQO: 0.0054, Acc: 0.3485
2025-11-23 17:29:58,963 | INFO | [Art] New best val acc: 0.3485
2025-11-23 17:30:16,148 | INFO | [Art] Epoch 4/5 | Train - Loss: 1.6715, Cls: 1.6136, GRQO: 0.1159, Acc: 0.7187 | Val - Loss: 2.3355, Cls: 2.3332, GRQO: 0.0047, Acc: 0.4351
2025-11-23 17:30:16,251 | INFO | [Art] New best val acc: 0.4351
2025-11-23 17:30:33,711 | INFO | [Art] Epoch 5/5 | Train - Loss: 1.0425, Cls: 0.9907, GRQO: 0.1035, Acc: 0.8655 | Val - Loss: 2.2605, Cls: 2.2587, GRQO: 0.0036, Acc: 0.4577
2025-11-23 17:30:33,804 | INFO | [Art] New best val acc: 0.4577
2025-11-23 17:30:33,804 | INFO | [Art] Best Acc: 0.4577
2025-11-23 17:30:33,805 | INFO | ------------------------------------------------------------
2025-11-23 17:30:33,912 | INFO | === LODO: Leaving out domain 'Clipart' ===
2025-11-23 17:30:51,161 | INFO | [Clipart] Epoch 1/5 | Train - Loss: 4.1697, Cls: 4.0674, GRQO: 0.2046, Acc: 0.0731 | Val - Loss: 4.0105, Cls: 4.0026, GRQO: 0.0158, Acc: 0.1145
2025-11-23 17:30:51,258 | INFO | [Clipart] New best val acc: 0.1145
2025-11-23 17:31:08,544 | INFO | [Clipart] Epoch 2/5 | Train - Loss: 3.6099, Cls: 3.5523, GRQO: 0.1151, Acc: 0.3460 | Val - Loss: 3.4225, Cls: 3.4163, GRQO: 0.0125, Acc: 0.2337
2025-11-23 17:31:08,642 | INFO | [Clipart] New best val acc: 0.2337
2025-11-23 17:31:26,046 | INFO | [Clipart] Epoch 3/5 | Train - Loss: 2.6907, Cls: 2.6339, GRQO: 0.1138, Acc: 0.4873 | Val - Loss: 2.8404, Cls: 2.8358, GRQO: 0.0093, Acc: 0.3139
2025-11-23 17:31:26,112 | INFO | [Clipart] New best val acc: 0.3139
2025-11-23 17:31:43,412 | INFO | [Clipart] Epoch 4/5 | Train - Loss: 1.8314, Cls: 1.7752, GRQO: 0.1123, Acc: 0.6696 | Val - Loss: 2.5577, Cls: 2.5535, GRQO: 0.0085, Acc: 0.3940
2025-11-23 17:31:43,479 | INFO | [Clipart] New best val acc: 0.3940
2025-11-23 17:32:00,791 | INFO | [Clipart] Epoch 5/5 | Train - Loss: 1.1869, Cls: 1.1346, GRQO: 0.1046, Acc: 0.8315 | Val - Loss: 2.4091, Cls: 2.4062, GRQO: 0.0058, Acc: 0.4181
2025-11-23 17:32:00,858 | INFO | [Clipart] New best val acc: 0.4181
2025-11-23 17:32:00,859 | INFO | [Clipart] Best Acc: 0.4181
2025-11-23 17:32:00,859 | INFO | ------------------------------------------------------------
2025-11-23 17:32:00,960 | INFO | === LODO: Leaving out domain 'Product' ===
2025-11-23 17:32:18,225 | INFO | [Product] Epoch 1/5 | Train - Loss: 4.1919, Cls: 4.0768, GRQO: 0.2302, Acc: 0.0610 | Val - Loss: 3.8961, Cls: 3.8889, GRQO: 0.0146, Acc: 0.1849
2025-11-23 17:32:18,278 | INFO | [Product] New best val acc: 0.1849
2025-11-23 17:32:35,308 | INFO | [Product] Epoch 2/5 | Train - Loss: 3.6825, Cls: 3.6266, GRQO: 0.1118, Acc: 0.2970 | Val - Loss: 3.2049, Cls: 3.1996, GRQO: 0.0104, Acc: 0.2661
2025-11-23 17:32:35,403 | INFO | [Product] New best val acc: 0.2661
2025-11-23 17:32:52,477 | INFO | [Product] Epoch 3/5 | Train - Loss: 2.9163, Cls: 2.8619, GRQO: 0.1087, Acc: 0.4011 | Val - Loss: 2.5152, Cls: 2.5124, GRQO: 0.0057, Acc: 0.3777
2025-11-23 17:32:52,549 | INFO | [Product] New best val acc: 0.3777
2025-11-23 17:33:09,510 | INFO | [Product] Epoch 4/5 | Train - Loss: 2.1177, Cls: 2.0647, GRQO: 0.1060, Acc: 0.5662 | Val - Loss: 2.0616, Cls: 2.0592, GRQO: 0.0048, Acc: 0.4938
2025-11-23 17:33:09,587 | INFO | [Product] New best val acc: 0.4938
2025-11-23 17:33:26,474 | INFO | [Product] Epoch 5/5 | Train - Loss: 1.4615, Cls: 1.4123, GRQO: 0.0984, Acc: 0.7663 | Val - Loss: 1.7469, Cls: 1.7451, GRQO: 0.0038, Acc: 0.5603
2025-11-23 17:33:26,549 | INFO | [Product] New best val acc: 0.5603
2025-11-23 17:33:26,549 | INFO | [Product] Best Acc: 0.5603
2025-11-23 17:33:26,550 | INFO | ------------------------------------------------------------
2025-11-23 17:33:26,660 | INFO | === LODO: Leaving out domain 'Real World' ===
2025-11-23 17:33:43,690 | INFO | [Real World] Epoch 1/5 | Train - Loss: 4.1875, Cls: 4.0781, GRQO: 0.2187, Acc: 0.0797 | Val - Loss: 3.9149, Cls: 3.9075, GRQO: 0.0148, Acc: 0.1630
2025-11-23 17:33:43,781 | INFO | [Real World] New best val acc: 0.1630
2025-11-23 17:34:00,456 | INFO | [Real World] Epoch 2/5 | Train - Loss: 3.6919, Cls: 3.6371, GRQO: 0.1096, Acc: 0.2459 | Val - Loss: 3.1663, Cls: 3.1623, GRQO: 0.0082, Acc: 0.2974
2025-11-23 17:34:00,530 | INFO | [Real World] New best val acc: 0.2974
2025-11-23 17:34:17,689 | INFO | [Real World] Epoch 3/5 | Train - Loss: 2.8851, Cls: 2.8318, GRQO: 0.1066, Acc: 0.4432 | Val - Loss: 2.4503, Cls: 2.4474, GRQO: 0.0059, Acc: 0.3904
2025-11-23 17:34:17,789 | INFO | [Real World] New best val acc: 0.3904
2025-11-23 17:34:34,640 | INFO | [Real World] Epoch 4/5 | Train - Loss: 2.0774, Cls: 2.0248, GRQO: 0.1054, Acc: 0.6076 | Val - Loss: 2.0155, Cls: 2.0133, GRQO: 0.0044, Acc: 0.4799
2025-11-23 17:34:34,710 | INFO | [Real World] New best val acc: 0.4799
2025-11-23 17:34:51,506 | INFO | [Real World] Epoch 5/5 | Train - Loss: 1.4122, Cls: 1.3632, GRQO: 0.0979, Acc: 0.7866 | Val - Loss: 1.7278, Cls: 1.7262, GRQO: 0.0033, Acc: 0.5499
2025-11-23 17:34:51,576 | INFO | [Real World] New best val acc: 0.5499
2025-11-23 17:34:51,576 | INFO | [Real World] Best Acc: 0.5499
2025-11-23 17:34:51,576 | INFO | ------------------------------------------------------------
2025-11-23 17:34:51,576 | INFO | LODO finished | Mean Acc: 0.4965 | Summary saved to ./search_temp\logs\lodo_summary_20251123_173451.json
2025-11-23 17:34:51,687 | INFO | === LODO: Leaving out domain 'Art' ===
2025-11-23 17:35:08,473 | INFO | [Art] Epoch 1/5 | Train - Loss: 3.9969, Cls: 3.9696, GRQO: 0.2722, Acc: 0.1384 | Val - Loss: 3.6295, Cls: 3.6245, GRQO: 0.0505, Acc: 0.2412
2025-11-23 17:35:08,542 | INFO | [Art] New best val acc: 0.2412
2025-11-23 17:35:25,756 | INFO | [Art] Epoch 2/5 | Train - Loss: 2.9995, Cls: 2.9814, GRQO: 0.1814, Acc: 0.4489 | Val - Loss: 2.7552, Cls: 2.7510, GRQO: 0.0420, Acc: 0.3485
2025-11-23 17:35:25,826 | INFO | [Art] New best val acc: 0.3485
2025-11-23 17:35:43,281 | INFO | [Art] Epoch 3/5 | Train - Loss: 1.9081, Cls: 1.8892, GRQO: 0.1899, Acc: 0.6397 | Val - Loss: 2.4117, Cls: 2.4085, GRQO: 0.0326, Acc: 0.4247
2025-11-23 17:35:43,343 | INFO | [Art] New best val acc: 0.4247
2025-11-23 17:36:00,822 | INFO | [Art] Epoch 4/5 | Train - Loss: 1.1220, Cls: 1.1045, GRQO: 0.1755, Acc: 0.8362 | Val - Loss: 2.2220, Cls: 2.2193, GRQO: 0.0266, Acc: 0.4536
2025-11-23 17:36:00,914 | INFO | [Art] New best val acc: 0.4536
2025-11-23 17:36:18,354 | INFO | [Art] Epoch 5/5 | Train - Loss: 0.6136, Cls: 0.5976, GRQO: 0.1605, Acc: 0.9418 | Val - Loss: 2.1935, Cls: 2.1912, GRQO: 0.0222, Acc: 0.4619
2025-11-23 17:36:18,408 | INFO | [Art] New best val acc: 0.4619
2025-11-23 17:36:18,408 | INFO | [Art] Best Acc: 0.4619
2025-11-23 17:36:18,408 | INFO | ------------------------------------------------------------
2025-11-23 17:36:18,521 | INFO | === LODO: Leaving out domain 'Clipart' ===
2025-11-23 17:36:35,305 | INFO | [Clipart] Epoch 1/5 | Train - Loss: 4.0016, Cls: 3.9748, GRQO: 0.2682, Acc: 0.1440 | Val - Loss: 3.7464, Cls: 3.7382, GRQO: 0.0817, Acc: 0.2096
2025-11-23 17:36:35,373 | INFO | [Clipart] New best val acc: 0.2096
2025-11-23 17:36:52,237 | INFO | [Clipart] Epoch 2/5 | Train - Loss: 3.0845, Cls: 3.0646, GRQO: 0.1991, Acc: 0.4543 | Val - Loss: 2.9826, Cls: 2.9763, GRQO: 0.0634, Acc: 0.2990
2025-11-23 17:36:52,307 | INFO | [Clipart] New best val acc: 0.2990
2025-11-23 17:37:09,097 | INFO | [Clipart] Epoch 3/5 | Train - Loss: 2.0170, Cls: 1.9969, GRQO: 0.2012, Acc: 0.6598 | Val - Loss: 2.6716, Cls: 2.6667, GRQO: 0.0484, Acc: 0.3723
2025-11-23 17:37:09,157 | INFO | [Clipart] New best val acc: 0.3723
2025-11-23 17:37:26,103 | INFO | [Clipart] Epoch 4/5 | Train - Loss: 1.2027, Cls: 1.1838, GRQO: 0.1888, Acc: 0.8301 | Val - Loss: 2.4932, Cls: 2.4891, GRQO: 0.0413, Acc: 0.4021
2025-11-23 17:37:26,174 | INFO | [Clipart] New best val acc: 0.4021
2025-11-23 17:37:43,120 | INFO | [Clipart] Epoch 5/5 | Train - Loss: 0.6718, Cls: 0.6541, GRQO: 0.1770, Acc: 0.9345 | Val - Loss: 2.4025, Cls: 2.3990, GRQO: 0.0350, Acc: 0.4158
2025-11-23 17:37:43,189 | INFO | [Clipart] New best val acc: 0.4158
2025-11-23 17:37:43,189 | INFO | [Clipart] Best Acc: 0.4158
2025-11-23 17:37:43,189 | INFO | ------------------------------------------------------------
2025-11-23 17:37:43,303 | INFO | === LODO: Leaving out domain 'Product' ===
2025-11-23 17:38:00,436 | INFO | [Product] Epoch 1/5 | Train - Loss: 4.0437, Cls: 4.0202, GRQO: 0.2354, Acc: 0.1234 | Val - Loss: 3.6905, Cls: 3.6845, GRQO: 0.0596, Acc: 0.1995
2025-11-23 17:38:00,514 | INFO | [Product] New best val acc: 0.1995
2025-11-23 17:38:17,619 | INFO | [Product] Epoch 2/5 | Train - Loss: 3.2798, Cls: 3.2626, GRQO: 0.1724, Acc: 0.3706 | Val - Loss: 2.8009, Cls: 2.7954, GRQO: 0.0557, Acc: 0.3067
2025-11-23 17:38:17,688 | INFO | [Product] New best val acc: 0.3067
2025-11-23 17:38:34,874 | INFO | [Product] Epoch 3/5 | Train - Loss: 2.3002, Cls: 2.2814, GRQO: 0.1880, Acc: 0.5509 | Val - Loss: 2.1532, Cls: 2.1495, GRQO: 0.0370, Acc: 0.4611
2025-11-23 17:38:34,941 | INFO | [Product] New best val acc: 0.4611
2025-11-23 17:38:51,935 | INFO | [Product] Epoch 4/5 | Train - Loss: 1.4809, Cls: 1.4629, GRQO: 0.1805, Acc: 0.7568 | Val - Loss: 1.7930, Cls: 1.7901, GRQO: 0.0290, Acc: 0.5366
2025-11-23 17:38:52,005 | INFO | [Product] New best val acc: 0.5366
2025-11-23 17:39:08,985 | INFO | [Product] Epoch 5/5 | Train - Loss: 0.8670, Cls: 0.8499, GRQO: 0.1714, Acc: 0.9112 | Val - Loss: 1.5524, Cls: 1.5500, GRQO: 0.0249, Acc: 0.6133
2025-11-23 17:39:09,039 | INFO | [Product] New best val acc: 0.6133
2025-11-23 17:39:09,051 | INFO | [Product] Best Acc: 0.6133
2025-11-23 17:39:09,051 | INFO | ------------------------------------------------------------
2025-11-23 17:39:09,158 | INFO | === LODO: Leaving out domain 'Real World' ===
2025-11-23 17:39:25,718 | INFO | [Real World] Epoch 1/5 | Train - Loss: 4.0505, Cls: 4.0270, GRQO: 0.2355, Acc: 0.0753 | Val - Loss: 3.6838, Cls: 3.6802, GRQO: 0.0366, Acc: 0.1642
2025-11-23 17:39:25,787 | INFO | [Real World] New best val acc: 0.1642
2025-11-23 17:39:42,278 | INFO | [Real World] Epoch 2/5 | Train - Loss: 3.3120, Cls: 3.2946, GRQO: 0.1740, Acc: 0.3100 | Val - Loss: 2.7662, Cls: 2.7617, GRQO: 0.0458, Acc: 0.3100
2025-11-23 17:39:42,340 | INFO | [Real World] New best val acc: 0.3100
2025-11-23 17:39:59,117 | INFO | [Real World] Epoch 3/5 | Train - Loss: 2.3348, Cls: 2.3155, GRQO: 0.1925, Acc: 0.5679 | Val - Loss: 2.1537, Cls: 2.1501, GRQO: 0.0363, Acc: 0.4627
2025-11-23 17:39:59,187 | INFO | [Real World] New best val acc: 0.4627
2025-11-23 17:40:15,637 | INFO | [Real World] Epoch 4/5 | Train - Loss: 1.4893, Cls: 1.4709, GRQO: 0.1848, Acc: 0.7800 | Val - Loss: 1.7506, Cls: 1.7479, GRQO: 0.0271, Acc: 0.5695
2025-11-23 17:40:15,703 | INFO | [Real World] New best val acc: 0.5695
2025-11-23 17:40:32,587 | INFO | [Real World] Epoch 5/5 | Train - Loss: 0.8580, Cls: 0.8404, GRQO: 0.1762, Acc: 0.9203 | Val - Loss: 1.5481, Cls: 1.5457, GRQO: 0.0239, Acc: 0.5867
2025-11-23 17:40:32,694 | INFO | [Real World] New best val acc: 0.5867
2025-11-23 17:40:32,695 | INFO | [Real World] Best Acc: 0.5867
2025-11-23 17:40:32,695 | INFO | ------------------------------------------------------------
2025-11-23 17:40:32,697 | INFO | LODO finished | Mean Acc: 0.5194 | Summary saved to ./search_temp\logs\lodo_summary_20251123_174032.json
2025-11-23 17:40:32,798 | INFO | === LODO: Leaving out domain 'Art' ===
2025-11-23 17:40:49,482 | INFO | [Art] Epoch 1/5 | Train - Loss: 3.8521, Cls: 3.8457, GRQO: 0.0648, Acc: 0.1783 | Val - Loss: 3.3855, Cls: 3.3809, GRQO: 0.0452, Acc: 0.2990
2025-11-23 17:40:49,552 | INFO | [Art] New best val acc: 0.2990
2025-11-23 17:41:06,654 | INFO | [Art] Epoch 2/5 | Train - Loss: 2.5079, Cls: 2.4979, GRQO: 0.1003, Acc: 0.5006 | Val - Loss: 2.6747, Cls: 2.6560, GRQO: 0.1871, Acc: 0.3546
2025-11-23 17:41:06,717 | INFO | [Art] New best val acc: 0.3546
2025-11-23 17:41:23,365 | INFO | [Art] Epoch 3/5 | Train - Loss: 1.3292, Cls: 1.3044, GRQO: 0.2477, Acc: 0.7442 | Val - Loss: 2.4590, Cls: 2.4059, GRQO: 0.5309, Acc: 0.3959
2025-11-23 17:41:23,432 | INFO | [Art] New best val acc: 0.3959
2025-11-23 17:41:40,232 | INFO | [Art] Epoch 4/5 | Train - Loss: 0.5899, Cls: 0.5513, GRQO: 0.3859, Acc: 0.9320 | Val - Loss: 2.3300, Cls: 2.2684, GRQO: 0.6160, Acc: 0.4536
2025-11-23 17:41:40,291 | INFO | [Art] New best val acc: 0.4536
2025-11-23 17:41:57,815 | INFO | [Art] Epoch 5/5 | Train - Loss: 0.2456, Cls: 0.2153, GRQO: 0.3037, Acc: 0.9871 | Val - Loss: 2.1913, Cls: 2.1531, GRQO: 0.3824, Acc: 0.4928
2025-11-23 17:41:57,904 | INFO | [Art] New best val acc: 0.4928
2025-11-23 17:41:57,904 | INFO | [Art] Best Acc: 0.4928
2025-11-23 17:41:57,905 | INFO | ------------------------------------------------------------
2025-11-23 17:41:58,054 | INFO | === LODO: Leaving out domain 'Clipart' ===
2025-11-23 17:42:15,198 | INFO | [Clipart] Epoch 1/5 | Train - Loss: 3.9058, Cls: 3.8989, GRQO: 0.0686, Acc: 0.1676 | Val - Loss: 3.6597, Cls: 3.6566, GRQO: 0.0304, Acc: 0.1913
2025-11-23 17:42:15,267 | INFO | [Clipart] New best val acc: 0.1913
2025-11-23 17:42:32,198 | INFO | [Clipart] Epoch 2/5 | Train - Loss: 2.6437, Cls: 2.6376, GRQO: 0.0615, Acc: 0.5185 | Val - Loss: 2.8686, Cls: 2.8587, GRQO: 0.0985, Acc: 0.3093
2025-11-23 17:42:32,265 | INFO | [Clipart] New best val acc: 0.3093
2025-11-23 17:42:49,514 | INFO | [Clipart] Epoch 3/5 | Train - Loss: 1.4191, Cls: 1.4080, GRQO: 0.1116, Acc: 0.7557 | Val - Loss: 2.5820, Cls: 2.5631, GRQO: 0.1883, Acc: 0.3849
2025-11-23 17:42:49,567 | INFO | [Clipart] New best val acc: 0.3849
2025-11-23 17:43:06,347 | INFO | [Clipart] Epoch 4/5 | Train - Loss: 0.6493, Cls: 0.6349, GRQO: 0.1445, Acc: 0.9255 | Val - Loss: 2.4663, Cls: 2.4373, GRQO: 0.2905, Acc: 0.4307
2025-11-23 17:43:06,416 | INFO | [Clipart] New best val acc: 0.4307
2025-11-23 17:43:23,463 | INFO | [Clipart] Epoch 5/5 | Train - Loss: 0.2809, Cls: 0.2665, GRQO: 0.1437, Acc: 0.9871 | Val - Loss: 2.3826, Cls: 2.3575, GRQO: 0.2506, Acc: 0.4422
2025-11-23 17:43:23,546 | INFO | [Clipart] New best val acc: 0.4422
2025-11-23 17:43:23,547 | INFO | [Clipart] Best Acc: 0.4422
2025-11-23 17:43:23,547 | INFO | ------------------------------------------------------------
2025-11-23 17:43:23,646 | INFO | === LODO: Leaving out domain 'Product' ===
2025-11-23 17:43:40,612 | INFO | [Product] Epoch 1/5 | Train - Loss: 3.9424, Cls: 3.9381, GRQO: 0.0423, Acc: 0.1512 | Val - Loss: 3.5245, Cls: 3.5212, GRQO: 0.0322, Acc: 0.2818
2025-11-23 17:43:40,683 | INFO | [Product] New best val acc: 0.2818
2025-11-23 17:43:57,334 | INFO | [Product] Epoch 2/5 | Train - Loss: 2.8288, Cls: 2.8201, GRQO: 0.0863, Acc: 0.4531 | Val - Loss: 2.4963, Cls: 2.4786, GRQO: 0.1772, Acc: 0.4070
2025-11-23 17:43:57,399 | INFO | [Product] New best val acc: 0.4070
2025-11-23 17:44:13,695 | INFO | [Product] Epoch 3/5 | Train - Loss: 1.6346, Cls: 1.5871, GRQO: 0.4750, Acc: 0.6900 | Val - Loss: 1.8580, Cls: 1.7656, GRQO: 0.9244, Acc: 0.5896
2025-11-23 17:44:13,759 | INFO | [Product] New best val acc: 0.5896
2025-11-23 17:44:30,153 | INFO | [Product] Epoch 4/5 | Train - Loss: 0.7391, Cls: 0.6571, GRQO: 0.8200, Acc: 0.9026 | Val - Loss: 1.6167, Cls: 1.5037, GRQO: 1.1296, Acc: 0.6189
2025-11-23 17:44:30,217 | INFO | [Product] New best val acc: 0.6189
2025-11-23 17:44:46,618 | INFO | [Product] Epoch 5/5 | Train - Loss: 0.3209, Cls: 0.2552, GRQO: 0.6565, Acc: 0.9780 | Val - Loss: 1.4657, Cls: 1.3867, GRQO: 0.7901, Acc: 0.6370
2025-11-23 17:44:46,681 | INFO | [Product] New best val acc: 0.6370
2025-11-23 17:44:46,681 | INFO | [Product] Best Acc: 0.6370
2025-11-23 17:44:46,682 | INFO | ------------------------------------------------------------
2025-11-23 17:44:46,789 | INFO | === LODO: Leaving out domain 'Real World' ===
2025-11-23 17:45:03,144 | INFO | [Real World] Epoch 1/5 | Train - Loss: 3.9547, Cls: 3.9504, GRQO: 0.0434, Acc: 0.1105 | Val - Loss: 3.5042, Cls: 3.5016, GRQO: 0.0260, Acc: 0.2629
2025-11-23 17:45:03,208 | INFO | [Real World] New best val acc: 0.2629
2025-11-23 17:45:19,677 | INFO | [Real World] Epoch 2/5 | Train - Loss: 2.8752, Cls: 2.8689, GRQO: 0.0635, Acc: 0.4548 | Val - Loss: 2.4442, Cls: 2.4352, GRQO: 0.0894, Acc: 0.3984
2025-11-23 17:45:19,750 | INFO | [Real World] New best val acc: 0.3984
2025-11-23 17:45:36,177 | INFO | [Real World] Epoch 3/5 | Train - Loss: 1.6601, Cls: 1.6456, GRQO: 0.1449, Acc: 0.6895 | Val - Loss: 1.8606, Cls: 1.8336, GRQO: 0.2704, Acc: 0.5637
2025-11-23 17:45:36,243 | INFO | [Real World] New best val acc: 0.5637
2025-11-23 17:45:52,743 | INFO | [Real World] Epoch 4/5 | Train - Loss: 0.8031, Cls: 0.7731, GRQO: 0.2998, Acc: 0.8993 | Val - Loss: 1.6105, Cls: 1.5594, GRQO: 0.5116, Acc: 0.5867
2025-11-23 17:45:52,813 | INFO | [Real World] New best val acc: 0.5867
2025-11-23 17:46:09,127 | INFO | [Real World] Epoch 5/5 | Train - Loss: 0.3390, Cls: 0.3056, GRQO: 0.3341, Acc: 0.9782 | Val - Loss: 1.4745, Cls: 1.4258, GRQO: 0.4874, Acc: 0.6429
2025-11-23 17:46:09,198 | INFO | [Real World] New best val acc: 0.6429
2025-11-23 17:46:09,198 | INFO | [Real World] Best Acc: 0.6429
2025-11-23 17:46:09,198 | INFO | ------------------------------------------------------------
2025-11-23 17:46:09,198 | INFO | LODO finished | Mean Acc: 0.5537 | Summary saved to ./search_temp\logs\lodo_summary_20251123_174609.json
2025-11-23 17:46:09,312 | INFO | === LODO: Leaving out domain 'Art' ===
2025-11-23 17:46:26,076 | INFO | [Art] Epoch 1/5 | Train - Loss: 3.9998, Cls: 3.9963, GRQO: 0.0699, Acc: 0.1216 | Val - Loss: 3.7266, Cls: 3.7247, GRQO: 0.0377, Acc: 0.2351
2025-11-23 17:46:26,146 | INFO | [Art] New best val acc: 0.2351
2025-11-23 17:46:42,826 | INFO | [Art] Epoch 2/5 | Train - Loss: 3.1813, Cls: 3.1767, GRQO: 0.0922, Acc: 0.3774 | Val - Loss: 2.9039, Cls: 2.8963, GRQO: 0.1524, Acc: 0.3072
2025-11-23 17:46:42,893 | INFO | [Art] New best val acc: 0.3072
2025-11-23 17:46:59,474 | INFO | [Art] Epoch 3/5 | Train - Loss: 2.1558, Cls: 2.1463, GRQO: 0.1902, Acc: 0.5849 | Val - Loss: 2.4987, Cls: 2.4793, GRQO: 0.3892, Acc: 0.3856
2025-11-23 17:46:59,551 | INFO | [Art] New best val acc: 0.3856
2025-11-23 17:47:16,056 | INFO | [Art] Epoch 4/5 | Train - Loss: 1.3399, Cls: 1.3232, GRQO: 0.3333, Acc: 0.7700 | Val - Loss: 2.2245, Cls: 2.1829, GRQO: 0.8305, Acc: 0.4557
2025-11-23 17:47:16,131 | INFO | [Art] New best val acc: 0.4557
2025-11-23 17:47:32,989 | INFO | [Art] Epoch 5/5 | Train - Loss: 0.7793, Cls: 0.7566, GRQO: 0.4535, Acc: 0.8985 | Val - Loss: 2.1591, Cls: 2.1125, GRQO: 0.9324, Acc: 0.4660
2025-11-23 17:47:33,059 | INFO | [Art] New best val acc: 0.4660
2025-11-23 17:47:33,059 | INFO | [Art] Best Acc: 0.4660
2025-11-23 17:47:33,060 | INFO | ------------------------------------------------------------
2025-11-23 17:47:33,158 | INFO | === LODO: Leaving out domain 'Clipart' ===
2025-11-23 17:47:50,021 | INFO | [Clipart] Epoch 1/5 | Train - Loss: 4.0252, Cls: 4.0206, GRQO: 0.0922, Acc: 0.1480 | Val - Loss: 3.8919, Cls: 3.8900, GRQO: 0.0368, Acc: 0.1695
2025-11-23 17:47:50,092 | INFO | [Clipart] New best val acc: 0.1695
2025-11-23 17:48:06,522 | INFO | [Clipart] Epoch 2/5 | Train - Loss: 3.2958, Cls: 3.2923, GRQO: 0.0704, Acc: 0.3919 | Val - Loss: 3.1237, Cls: 3.1198, GRQO: 0.0785, Acc: 0.2703
2025-11-23 17:48:06,588 | INFO | [Clipart] New best val acc: 0.2703
2025-11-23 17:48:22,891 | INFO | [Clipart] Epoch 3/5 | Train - Loss: 2.3007, Cls: 2.2951, GRQO: 0.1104, Acc: 0.5600 | Val - Loss: 2.7500, Cls: 2.7431, GRQO: 0.1382, Acc: 0.3253
2025-11-23 17:48:22,944 | INFO | [Clipart] New best val acc: 0.3253
2025-11-23 17:48:39,390 | INFO | [Clipart] Epoch 4/5 | Train - Loss: 1.4915, Cls: 1.4845, GRQO: 0.1394, Acc: 0.7628 | Val - Loss: 2.5638, Cls: 2.5519, GRQO: 0.2376, Acc: 0.3631
2025-11-23 17:48:39,458 | INFO | [Clipart] New best val acc: 0.3631
2025-11-23 17:48:56,501 | INFO | [Clipart] Epoch 5/5 | Train - Loss: 0.9133, Cls: 0.9042, GRQO: 0.1821, Acc: 0.8805 | Val - Loss: 2.4344, Cls: 2.4163, GRQO: 0.3628, Acc: 0.4032
2025-11-23 17:48:56,586 | INFO | [Clipart] New best val acc: 0.4032
2025-11-23 17:48:56,587 | INFO | [Clipart] Best Acc: 0.4032
2025-11-23 17:48:56,587 | INFO | ------------------------------------------------------------
2025-11-23 17:48:56,727 | INFO | === LODO: Leaving out domain 'Product' ===
2025-11-23 17:49:14,307 | INFO | [Product] Epoch 1/5 | Train - Loss: 4.0681, Cls: 4.0639, GRQO: 0.0857, Acc: 0.0983 | Val - Loss: 3.8525, Cls: 3.8511, GRQO: 0.0290, Acc: 0.1567
2025-11-23 17:49:14,401 | INFO | [Product] New best val acc: 0.1567
2025-11-23 17:49:31,608 | INFO | [Product] Epoch 2/5 | Train - Loss: 3.5130, Cls: 3.5101, GRQO: 0.0582, Acc: 0.3163 | Val - Loss: 3.0166, Cls: 3.0140, GRQO: 0.0509, Acc: 0.2818
2025-11-23 17:49:31,676 | INFO | [Product] New best val acc: 0.2818
2025-11-23 17:49:48,722 | INFO | [Product] Epoch 3/5 | Train - Loss: 2.6593, Cls: 2.6547, GRQO: 0.0934, Acc: 0.4415 | Val - Loss: 2.3355, Cls: 2.3309, GRQO: 0.0916, Acc: 0.4340
2025-11-23 17:49:48,792 | INFO | [Product] New best val acc: 0.4340
2025-11-23 17:50:05,682 | INFO | [Product] Epoch 4/5 | Train - Loss: 1.8655, Cls: 1.8594, GRQO: 0.1216, Acc: 0.6559 | Val - Loss: 1.9003, Cls: 1.8911, GRQO: 0.1844, Acc: 0.5175
2025-11-23 17:50:05,748 | INFO | [Product] New best val acc: 0.5175
2025-11-23 17:50:22,605 | INFO | [Product] Epoch 5/5 | Train - Loss: 1.2239, Cls: 1.2153, GRQO: 0.1728, Acc: 0.8129 | Val - Loss: 1.5875, Cls: 1.5709, GRQO: 0.3329, Acc: 0.6054
2025-11-23 17:50:22,679 | INFO | [Product] New best val acc: 0.6054
2025-11-23 17:50:22,679 | INFO | [Product] Best Acc: 0.6054
2025-11-23 17:50:22,679 | INFO | ------------------------------------------------------------
2025-11-23 17:50:22,788 | INFO | === LODO: Leaving out domain 'Real World' ===
2025-11-23 17:50:39,656 | INFO | [Real World] Epoch 1/5 | Train - Loss: 4.0471, Cls: 4.0430, GRQO: 0.0824, Acc: 0.1011 | Val - Loss: 3.7900, Cls: 3.7883, GRQO: 0.0331, Acc: 0.1757
2025-11-23 17:50:39,725 | INFO | [Real World] New best val acc: 0.1757
2025-11-23 17:50:56,239 | INFO | [Real World] Epoch 2/5 | Train - Loss: 3.4540, Cls: 3.4510, GRQO: 0.0613, Acc: 0.2931 | Val - Loss: 2.9221, Cls: 2.9198, GRQO: 0.0457, Acc: 0.3088
2025-11-23 17:50:56,319 | INFO | [Real World] New best val acc: 0.3088
2025-11-23 17:51:13,039 | INFO | [Real World] Epoch 3/5 | Train - Loss: 2.5515, Cls: 2.5470, GRQO: 0.0912, Acc: 0.5029 | Val - Loss: 2.2230, Cls: 2.2187, GRQO: 0.0854, Acc: 0.4925
2025-11-23 17:51:13,106 | INFO | [Real World] New best val acc: 0.4925
2025-11-23 17:51:30,089 | INFO | [Real World] Epoch 4/5 | Train - Loss: 1.7199, Cls: 1.7139, GRQO: 0.1194, Acc: 0.7011 | Val - Loss: 1.8027, Cls: 1.7954, GRQO: 0.1465, Acc: 0.5499
2025-11-23 17:51:30,154 | INFO | [Real World] New best val acc: 0.5499
2025-11-23 17:51:46,953 | INFO | [Real World] Epoch 5/5 | Train - Loss: 1.0851, Cls: 1.0778, GRQO: 0.1459, Acc: 0.8517 | Val - Loss: 1.5525, Cls: 1.5409, GRQO: 0.2315, Acc: 0.6200
2025-11-23 17:51:47,053 | INFO | [Real World] New best val acc: 0.6200
2025-11-23 17:51:47,054 | INFO | [Real World] Best Acc: 0.6200
2025-11-23 17:51:47,054 | INFO | ------------------------------------------------------------
2025-11-23 17:51:47,056 | INFO | LODO finished | Mean Acc: 0.5236 | Summary saved to ./search_temp\logs\lodo_summary_20251123_175147.json
2025-11-23 17:51:47,175 | INFO | === LODO: Leaving out domain 'Art' ===
2025-11-23 17:52:04,446 | INFO | [Art] Epoch 1/5 | Train - Loss: 3.9848, Cls: 3.9676, GRQO: 0.1727, Acc: 0.1410 | Val - Loss: 3.6814, Cls: 3.6783, GRQO: 0.0311, Acc: 0.2309
2025-11-23 17:52:04,517 | INFO | [Art] New best val acc: 0.2309
2025-11-23 17:52:21,883 | INFO | [Art] Epoch 2/5 | Train - Loss: 2.9649, Cls: 2.9585, GRQO: 0.0646, Acc: 0.4135 | Val - Loss: 2.7208, Cls: 2.7154, GRQO: 0.0540, Acc: 0.3794
2025-11-23 17:52:21,963 | INFO | [Art] New best val acc: 0.3794
2025-11-23 17:52:39,019 | INFO | [Art] Epoch 3/5 | Train - Loss: 1.8040, Cls: 1.7972, GRQO: 0.0682, Acc: 0.6366 | Val - Loss: 2.3710, Cls: 2.3668, GRQO: 0.0417, Acc: 0.4598
2025-11-23 17:52:39,110 | INFO | [Art] New best val acc: 0.4598
2025-11-23 17:52:56,252 | INFO | [Art] Epoch 4/5 | Train - Loss: 0.9710, Cls: 0.9655, GRQO: 0.0550, Acc: 0.8350 | Val - Loss: 2.1858, Cls: 2.1824, GRQO: 0.0337, Acc: 0.4680
2025-11-23 17:52:56,329 | INFO | [Art] New best val acc: 0.4680
2025-11-23 17:53:13,385 | INFO | [Art] Epoch 5/5 | Train - Loss: 0.4782, Cls: 0.4734, GRQO: 0.0478, Acc: 0.9441 | Val - Loss: 2.1788, Cls: 2.1761, GRQO: 0.0266, Acc: 0.4639
2025-11-23 17:53:13,385 | INFO | [Art] Best Acc: 0.4680
2025-11-23 17:53:13,385 | INFO | ------------------------------------------------------------
2025-11-23 17:53:13,517 | INFO | === LODO: Leaving out domain 'Clipart' ===
2025-11-23 17:53:30,552 | INFO | [Clipart] Epoch 1/5 | Train - Loss: 3.9955, Cls: 3.9802, GRQO: 0.1527, Acc: 0.1239 | Val - Loss: 3.8549, Cls: 3.8496, GRQO: 0.0533, Acc: 0.1856
2025-11-23 17:53:30,652 | INFO | [Clipart] New best val acc: 0.1856
2025-11-23 17:53:47,934 | INFO | [Clipart] Epoch 2/5 | Train - Loss: 3.0417, Cls: 3.0306, GRQO: 0.1111, Acc: 0.4525 | Val - Loss: 3.0587, Cls: 3.0473, GRQO: 0.1139, Acc: 0.2784
2025-11-23 17:53:48,006 | INFO | [Clipart] New best val acc: 0.2784
2025-11-23 17:54:04,901 | INFO | [Clipart] Epoch 3/5 | Train - Loss: 1.9015, Cls: 1.8893, GRQO: 0.1224, Acc: 0.6295 | Val - Loss: 2.6766, Cls: 2.6675, GRQO: 0.0909, Acc: 0.3803
2025-11-23 17:54:04,970 | INFO | [Clipart] New best val acc: 0.3803
2025-11-23 17:54:21,703 | INFO | [Clipart] Epoch 4/5 | Train - Loss: 1.0631, Cls: 1.0541, GRQO: 0.0901, Acc: 0.8350 | Val - Loss: 2.5086, Cls: 2.5002, GRQO: 0.0837, Acc: 0.4089
2025-11-23 17:54:21,773 | INFO | [Clipart] New best val acc: 0.4089
2025-11-23 17:54:38,850 | INFO | [Clipart] Epoch 5/5 | Train - Loss: 0.5449, Cls: 0.5379, GRQO: 0.0694, Acc: 0.9394 | Val - Loss: 2.3738, Cls: 2.3679, GRQO: 0.0590, Acc: 0.4410
2025-11-23 17:54:38,942 | INFO | [Clipart] New best val acc: 0.4410
2025-11-23 17:54:38,943 | INFO | [Clipart] Best Acc: 0.4410
2025-11-23 17:54:38,943 | INFO | ------------------------------------------------------------
2025-11-23 17:54:39,071 | INFO | === LODO: Leaving out domain 'Product' ===
2025-11-23 17:54:56,233 | INFO | [Product] Epoch 1/5 | Train - Loss: 4.0310, Cls: 4.0169, GRQO: 0.1417, Acc: 0.1036 | Val - Loss: 3.7115, Cls: 3.7070, GRQO: 0.0450, Acc: 0.1984
2025-11-23 17:54:56,303 | INFO | [Product] New best val acc: 0.1984
2025-11-23 17:55:13,099 | INFO | [Product] Epoch 2/5 | Train - Loss: 3.2347, Cls: 3.2270, GRQO: 0.0767, Acc: 0.3302 | Val - Loss: 2.7804, Cls: 2.7737, GRQO: 0.0668, Acc: 0.3788
2025-11-23 17:55:13,169 | INFO | [Product] New best val acc: 0.3788
2025-11-23 17:55:29,899 | INFO | [Product] Epoch 3/5 | Train - Loss: 2.1987, Cls: 2.1899, GRQO: 0.0876, Acc: 0.5469 | Val - Loss: 2.1107, Cls: 2.1042, GRQO: 0.0647, Acc: 0.5186
2025-11-23 17:55:29,969 | INFO | [Product] New best val acc: 0.5186
2025-11-23 17:55:47,015 | INFO | [Product] Epoch 4/5 | Train - Loss: 1.3252, Cls: 1.3173, GRQO: 0.0793, Acc: 0.7550 | Val - Loss: 1.7195, Cls: 1.7151, GRQO: 0.0440, Acc: 0.5964
2025-11-23 17:55:47,069 | INFO | [Product] New best val acc: 0.5964
2025-11-23 17:56:03,832 | INFO | [Product] Epoch 5/5 | Train - Loss: 0.7048, Cls: 0.6983, GRQO: 0.0645, Acc: 0.9134 | Val - Loss: 1.5061, Cls: 1.5021, GRQO: 0.0403, Acc: 0.6234
2025-11-23 17:56:03,902 | INFO | [Product] New best val acc: 0.6234
2025-11-23 17:56:03,902 | INFO | [Product] Best Acc: 0.6234
2025-11-23 17:56:03,902 | INFO | ------------------------------------------------------------
2025-11-23 17:56:04,015 | INFO | === LODO: Leaving out domain 'Real World' ===
2025-11-23 17:56:20,799 | INFO | [Real World] Epoch 1/5 | Train - Loss: 4.0337, Cls: 4.0167, GRQO: 0.1696, Acc: 0.0690 | Val - Loss: 3.7583, Cls: 3.7527, GRQO: 0.0558, Acc: 0.1527
2025-11-23 17:56:20,866 | INFO | [Real World] New best val acc: 0.1527
2025-11-23 17:56:37,764 | INFO | [Real World] Epoch 2/5 | Train - Loss: 3.2568, Cls: 3.2501, GRQO: 0.0663, Acc: 0.3287 | Val - Loss: 2.8015, Cls: 2.7948, GRQO: 0.0674, Acc: 0.3456
2025-11-23 17:56:37,835 | INFO | [Real World] New best val acc: 0.3456
2025-11-23 17:56:54,792 | INFO | [Real World] Epoch 3/5 | Train - Loss: 2.2163, Cls: 2.2070, GRQO: 0.0926, Acc: 0.5604 | Val - Loss: 2.1012, Cls: 2.0959, GRQO: 0.0533, Acc: 0.5121
2025-11-23 17:56:54,878 | INFO | [Real World] New best val acc: 0.5121
2025-11-23 17:57:11,846 | INFO | [Real World] Epoch 4/5 | Train - Loss: 1.3217, Cls: 1.3143, GRQO: 0.0736, Acc: 0.7728 | Val - Loss: 1.7427, Cls: 1.7372, GRQO: 0.0542, Acc: 0.5913
2025-11-23 17:57:11,914 | INFO | [Real World] New best val acc: 0.5913
2025-11-23 17:57:28,777 | INFO | [Real World] Epoch 5/5 | Train - Loss: 0.7119, Cls: 0.7053, GRQO: 0.0661, Acc: 0.9056 | Val - Loss: 1.5176, Cls: 1.5132, GRQO: 0.0437, Acc: 0.6269
2025-11-23 17:57:28,834 | INFO | [Real World] New best val acc: 0.6269
2025-11-23 17:57:28,834 | INFO | [Real World] Best Acc: 0.6269
2025-11-23 17:57:28,834 | INFO | ------------------------------------------------------------
2025-11-23 17:57:28,834 | INFO | LODO finished | Mean Acc: 0.5398 | Summary saved to ./search_temp\logs\lodo_summary_20251123_175728.json
2025-11-23 17:57:28,949 | INFO | === LODO: Leaving out domain 'Art' ===
2025-11-23 17:57:45,996 | INFO | [Art] Epoch 1/5 | Train - Loss: 4.0565, Cls: 4.0301, GRQO: 0.2640, Acc: 0.0943 | Val - Loss: 3.7746, Cls: 3.7703, GRQO: 0.0431, Acc: 0.2763
2025-11-23 17:57:46,067 | INFO | [Art] New best val acc: 0.2763
2025-11-23 17:58:03,262 | INFO | [Art] Epoch 2/5 | Train - Loss: 3.3015, Cls: 3.2843, GRQO: 0.1715, Acc: 0.3786 | Val - Loss: 2.8196, Cls: 2.8149, GRQO: 0.0477, Acc: 0.3237
2025-11-23 17:58:03,317 | INFO | [Art] New best val acc: 0.3237
2025-11-23 17:58:20,546 | INFO | [Art] Epoch 3/5 | Train - Loss: 2.2641, Cls: 2.2456, GRQO: 0.1847, Acc: 0.5549 | Val - Loss: 2.4696, Cls: 2.4662, GRQO: 0.0343, Acc: 0.3794
2025-11-23 17:58:20,616 | INFO | [Art] New best val acc: 0.3794
2025-11-23 17:58:37,848 | INFO | [Art] Epoch 4/5 | Train - Loss: 1.4467, Cls: 1.4292, GRQO: 0.1750, Acc: 0.7374 | Val - Loss: 2.2502, Cls: 2.2472, GRQO: 0.0302, Acc: 0.4495
2025-11-23 17:58:37,933 | INFO | [Art] New best val acc: 0.4495
2025-11-23 17:58:55,220 | INFO | [Art] Epoch 5/5 | Train - Loss: 0.8689, Cls: 0.8526, GRQO: 0.1627, Acc: 0.8940 | Val - Loss: 2.1771, Cls: 2.1742, GRQO: 0.0288, Acc: 0.4845
2025-11-23 17:58:55,293 | INFO | [Art] New best val acc: 0.4845
2025-11-23 17:58:55,293 | INFO | [Art] Best Acc: 0.4845
2025-11-23 17:58:55,295 | INFO | ------------------------------------------------------------
2025-11-23 17:58:55,422 | INFO | === LODO: Leaving out domain 'Clipart' ===
2025-11-23 17:59:12,712 | INFO | [Clipart] Epoch 1/5 | Train - Loss: 4.0737, Cls: 4.0469, GRQO: 0.2687, Acc: 0.0963 | Val - Loss: 3.9536, Cls: 3.9484, GRQO: 0.0519, Acc: 0.1581
2025-11-23 17:59:12,792 | INFO | [Clipart] New best val acc: 0.1581
2025-11-23 17:59:30,461 | INFO | [Clipart] Epoch 2/5 | Train - Loss: 3.4601, Cls: 3.4419, GRQO: 0.1822, Acc: 0.4182 | Val - Loss: 3.2466, Cls: 3.2404, GRQO: 0.0623, Acc: 0.2852
2025-11-23 17:59:30,558 | INFO | [Clipart] New best val acc: 0.2852
2025-11-23 17:59:47,761 | INFO | [Clipart] Epoch 3/5 | Train - Loss: 2.4750, Cls: 2.4534, GRQO: 0.2158, Acc: 0.5720 | Val - Loss: 2.7322, Cls: 2.7266, GRQO: 0.0559, Acc: 0.3574
2025-11-23 17:59:47,832 | INFO | [Clipart] New best val acc: 0.3574
2025-11-23 18:00:04,362 | INFO | [Clipart] Epoch 4/5 | Train - Loss: 1.6341, Cls: 1.6143, GRQO: 0.1978, Acc: 0.7129 | Val - Loss: 2.5412, Cls: 2.5369, GRQO: 0.0428, Acc: 0.3837
2025-11-23 18:00:04,430 | INFO | [Clipart] New best val acc: 0.3837
2025-11-23 18:00:21,180 | INFO | [Clipart] Epoch 5/5 | Train - Loss: 1.0089, Cls: 0.9906, GRQO: 0.1826, Acc: 0.8676 | Val - Loss: 2.4017, Cls: 2.3981, GRQO: 0.0360, Acc: 0.4101
2025-11-23 18:00:21,247 | INFO | [Clipart] New best val acc: 0.4101
2025-11-23 18:00:21,247 | INFO | [Clipart] Best Acc: 0.4101
2025-11-23 18:00:21,247 | INFO | ------------------------------------------------------------
2025-11-23 18:00:21,343 | INFO | === LODO: Leaving out domain 'Product' ===
2025-11-23 18:00:38,275 | INFO | [Product] Epoch 1/5 | Train - Loss: 4.0935, Cls: 4.0665, GRQO: 0.2693, Acc: 0.0906 | Val - Loss: 3.8502, Cls: 3.8447, GRQO: 0.0550, Acc: 0.1488
2025-11-23 18:00:38,346 | INFO | [Product] New best val acc: 0.1488
2025-11-23 18:00:55,246 | INFO | [Product] Epoch 2/5 | Train - Loss: 3.5619, Cls: 3.5459, GRQO: 0.1601, Acc: 0.2696 | Val - Loss: 3.0890, Cls: 3.0834, GRQO: 0.0555, Acc: 0.2582
2025-11-23 18:00:55,320 | INFO | [Product] New best val acc: 0.2582
2025-11-23 18:01:12,127 | INFO | [Product] Epoch 3/5 | Train - Loss: 2.7450, Cls: 2.7270, GRQO: 0.1802, Acc: 0.4509 | Val - Loss: 2.4280, Cls: 2.4237, GRQO: 0.0427, Acc: 0.4329
2025-11-23 18:01:12,195 | INFO | [Product] New best val acc: 0.4329
2025-11-23 18:01:29,006 | INFO | [Product] Epoch 4/5 | Train - Loss: 1.9531, Cls: 1.9355, GRQO: 0.1757, Acc: 0.6231 | Val - Loss: 1.9649, Cls: 1.9616, GRQO: 0.0328, Acc: 0.5344
2025-11-23 18:01:29,070 | INFO | [Product] New best val acc: 0.5344
2025-11-23 18:01:46,043 | INFO | [Product] Epoch 5/5 | Train - Loss: 1.2978, Cls: 1.2815, GRQO: 0.1624, Acc: 0.8075 | Val - Loss: 1.7071, Cls: 1.7045, GRQO: 0.0258, Acc: 0.5637
2025-11-23 18:01:46,096 | INFO | [Product] New best val acc: 0.5637
2025-11-23 18:01:46,096 | INFO | [Product] Best Acc: 0.5637
2025-11-23 18:01:46,096 | INFO | ------------------------------------------------------------
2025-11-23 18:01:46,208 | INFO | === LODO: Leaving out domain 'Real World' ===
2025-11-23 18:02:03,526 | INFO | [Real World] Epoch 1/5 | Train - Loss: 4.0917, Cls: 4.0677, GRQO: 0.2397, Acc: 0.0784 | Val - Loss: 3.8314, Cls: 3.8261, GRQO: 0.0537, Acc: 0.1493
2025-11-23 18:02:03,592 | INFO | [Real World] New best val acc: 0.1493
2025-11-23 18:02:20,758 | INFO | [Real World] Epoch 2/5 | Train - Loss: 3.5526, Cls: 3.5363, GRQO: 0.1632, Acc: 0.2739 | Val - Loss: 2.9899, Cls: 2.9833, GRQO: 0.0659, Acc: 0.2985
2025-11-23 18:02:20,843 | INFO | [Real World] New best val acc: 0.2985
2025-11-23 18:02:38,277 | INFO | [Real World] Epoch 3/5 | Train - Loss: 2.7170, Cls: 2.6978, GRQO: 0.1919, Acc: 0.4530 | Val - Loss: 2.3514, Cls: 2.3458, GRQO: 0.0556, Acc: 0.4099
2025-11-23 18:02:38,341 | INFO | [Real World] New best val acc: 0.4099
2025-11-23 18:02:55,524 | INFO | [Real World] Epoch 4/5 | Train - Loss: 1.9302, Cls: 1.9120, GRQO: 0.1816, Acc: 0.6383 | Val - Loss: 1.9004, Cls: 1.8964, GRQO: 0.0405, Acc: 0.5201
2025-11-23 18:02:55,595 | INFO | [Real World] New best val acc: 0.5201
2025-11-23 18:03:12,423 | INFO | [Real World] Epoch 5/5 | Train - Loss: 1.2680, Cls: 1.2511, GRQO: 0.1685, Acc: 0.8102 | Val - Loss: 1.6448, Cls: 1.6408, GRQO: 0.0396, Acc: 0.5775
2025-11-23 18:03:12,508 | INFO | [Real World] New best val acc: 0.5775
2025-11-23 18:03:12,509 | INFO | [Real World] Best Acc: 0.5775
2025-11-23 18:03:12,509 | INFO | ------------------------------------------------------------
2025-11-23 18:03:12,510 | INFO | LODO finished | Mean Acc: 0.5090 | Summary saved to ./search_temp\logs\lodo_summary_20251123_180312.json
2025-11-23 18:03:12,607 | INFO | === LODO: Leaving out domain 'Art' ===
2025-11-23 18:03:29,707 | INFO | [Art] Epoch 1/5 | Train - Loss: 3.9764, Cls: 3.9826, GRQO: -0.0622, Acc: 0.1163 | Val - Loss: 3.6823, Cls: 3.6907, GRQO: -0.0837, Acc: 0.2660
2025-11-23 18:03:29,778 | INFO | [Art] New best val acc: 0.2660
2025-11-23 18:03:46,607 | INFO | [Art] Epoch 2/5 | Train - Loss: 2.7727, Cls: 2.8239, GRQO: -0.5123, Acc: 0.4367 | Val - Loss: 2.2803, Cls: 2.5983, GRQO: -3.1793, Acc: 0.3835
2025-11-23 18:03:46,676 | INFO | [Art] New best val acc: 0.3835
2025-11-23 18:04:03,522 | INFO | [Art] Epoch 3/5 | Train - Loss: 0.2041, Cls: 1.5963, GRQO: -13.9216, Acc: 0.6416 | Val - Loss: -0.0240, Cls: 2.3797, GRQO: -24.0374, Acc: 0.4041
2025-11-23 18:04:03,590 | INFO | [Art] New best val acc: 0.4041
2025-11-23 18:04:20,343 | INFO | [Art] Epoch 4/5 | Train - Loss: -1.3674, Cls: 1.0375, GRQO: -24.0489, Acc: 0.7856 | Val - Loss: -0.2073, Cls: 2.2570, GRQO: -24.6429, Acc: 0.4206
2025-11-23 18:04:20,409 | INFO | [Art] New best val acc: 0.4206
2025-11-23 18:04:37,538 | INFO | [Art] Epoch 5/5 | Train - Loss: -1.7639, Cls: 0.7046, GRQO: -24.6849, Acc: 0.8742 | Val - Loss: -0.1927, Cls: 2.2873, GRQO: -24.7991, Acc: 0.4289
2025-11-23 18:04:37,592 | INFO | [Art] New best val acc: 0.4289
2025-11-23 18:04:37,592 | INFO | [Art] Best Acc: 0.4289
2025-11-23 18:04:37,592 | INFO | ------------------------------------------------------------
2025-11-23 18:04:37,713 | INFO | === LODO: Leaving out domain 'Clipart' ===
2025-11-23 18:04:54,521 | INFO | [Clipart] Epoch 1/5 | Train - Loss: 3.9749, Cls: 3.9801, GRQO: -0.0522, Acc: 0.1092 | Val - Loss: 3.8413, Cls: 3.8477, GRQO: -0.0643, Acc: 0.1810
2025-11-23 18:04:54,588 | INFO | [Clipart] New best val acc: 0.1810
2025-11-23 18:05:11,071 | INFO | [Clipart] Epoch 2/5 | Train - Loss: 2.9090, Cls: 2.9332, GRQO: -0.2418, Acc: 0.4235 | Val - Loss: 2.6351, Cls: 2.8202, GRQO: -1.8511, Acc: 0.3081
2025-11-23 18:05:11,142 | INFO | [Clipart] New best val acc: 0.3081
2025-11-23 18:05:27,904 | INFO | [Clipart] Epoch 3/5 | Train - Loss: 0.6044, Cls: 1.5881, GRQO: -9.8375, Acc: 0.6616 | Val - Loss: 0.1781, Cls: 2.6425, GRQO: -24.6444, Acc: 0.3631
2025-11-23 18:05:27,957 | INFO | [Clipart] New best val acc: 0.3631
2025-11-23 18:05:45,053 | INFO | [Clipart] Epoch 4/5 | Train - Loss: -1.4173, Cls: 0.9800, GRQO: -23.9729, Acc: 0.8110 | Val - Loss: 0.1545, Cls: 2.6324, GRQO: -24.7797, Acc: 0.3803
2025-11-23 18:05:45,109 | INFO | [Clipart] New best val acc: 0.3803
2025-11-23 18:06:01,988 | INFO | [Clipart] Epoch 5/5 | Train - Loss: -1.8154, Cls: 0.6600, GRQO: -24.7539, Acc: 0.8930 | Val - Loss: 0.0098, Cls: 2.4992, GRQO: -24.8938, Acc: 0.4112
2025-11-23 18:06:02,120 | INFO | [Clipart] New best val acc: 0.4112
2025-11-23 18:06:02,120 | INFO | [Clipart] Best Acc: 0.4112
2025-11-23 18:06:02,120 | INFO | ------------------------------------------------------------
2025-11-23 18:06:02,237 | INFO | === LODO: Leaving out domain 'Product' ===
2025-11-23 18:06:18,703 | INFO | [Product] Epoch 1/5 | Train - Loss: 4.0089, Cls: 4.0136, GRQO: -0.0478, Acc: 0.1095 | Val - Loss: 3.7087, Cls: 3.7144, GRQO: -0.0568, Acc: 0.1962
2025-11-23 18:06:18,760 | INFO | [Product] New best val acc: 0.1962
2025-11-23 18:06:35,686 | INFO | [Product] Epoch 2/5 | Train - Loss: 3.1995, Cls: 3.2105, GRQO: -0.1098, Acc: 0.3531 | Val - Loss: 2.6569, Cls: 2.6837, GRQO: -0.2678, Acc: 0.3641
2025-11-23 18:06:35,761 | INFO | [Product] New best val acc: 0.3641
2025-11-23 18:06:52,773 | INFO | [Product] Epoch 3/5 | Train - Loss: 1.8116, Cls: 1.9992, GRQO: -1.8762, Acc: 0.5541 | Val - Loss: 0.9928, Cls: 1.8836, GRQO: -8.9080, Acc: 0.5445
2025-11-23 18:06:52,835 | INFO | [Product] New best val acc: 0.5445
2025-11-23 18:07:09,953 | INFO | [Product] Epoch 4/5 | Train - Loss: -0.3179, Cls: 1.2176, GRQO: -15.3554, Acc: 0.7573 | Val - Loss: -0.7443, Cls: 1.7077, GRQO: -24.5202, Acc: 0.5648
2025-11-23 18:07:10,021 | INFO | [Product] New best val acc: 0.5648
2025-11-23 18:07:27,068 | INFO | [Product] Epoch 5/5 | Train - Loss: -1.5171, Cls: 0.8515, GRQO: -23.6863, Acc: 0.8439 | Val - Loss: -0.8932, Cls: 1.5957, GRQO: -24.8891, Acc: 0.5693
2025-11-23 18:07:27,137 | INFO | [Product] New best val acc: 0.5693
2025-11-23 18:07:27,138 | INFO | [Product] Best Acc: 0.5693
2025-11-23 18:07:27,138 | INFO | ------------------------------------------------------------
2025-11-23 18:07:27,237 | INFO | === LODO: Leaving out domain 'Real World' ===
2025-11-23 18:07:44,121 | INFO | [Real World] Epoch 1/5 | Train - Loss: 4.0178, Cls: 4.0236, GRQO: -0.0583, Acc: 0.0949 | Val - Loss: 3.7456, Cls: 3.7533, GRQO: -0.0767, Acc: 0.1768
2025-11-23 18:07:44,202 | INFO | [Real World] New best val acc: 0.1768
2025-11-23 18:08:01,301 | INFO | [Real World] Epoch 2/5 | Train - Loss: 3.2041, Cls: 3.2245, GRQO: -0.2046, Acc: 0.3465 | Val - Loss: 2.4550, Cls: 2.5616, GRQO: -1.0657, Acc: 0.3777
2025-11-23 18:08:01,369 | INFO | [Real World] New best val acc: 0.3777
2025-11-23 18:08:18,336 | INFO | [Real World] Epoch 3/5 | Train - Loss: 1.3894, Cls: 2.0200, GRQO: -6.3056, Acc: 0.5626 | Val - Loss: -0.1961, Cls: 1.9151, GRQO: -21.1124, Acc: 0.5293
2025-11-23 18:08:18,407 | INFO | [Real World] New best val acc: 0.5293
2025-11-23 18:08:35,117 | INFO | [Real World] Epoch 4/5 | Train - Loss: -0.8831, Cls: 1.3664, GRQO: -22.4951, Acc: 0.7278 | Val - Loss: -0.8333, Cls: 1.6317, GRQO: -24.6503, Acc: 0.5752
2025-11-23 18:08:35,184 | INFO | [Real World] New best val acc: 0.5752
2025-11-23 18:08:52,145 | INFO | [Real World] Epoch 5/5 | Train - Loss: -1.5416, Cls: 0.9142, GRQO: -24.5579, Acc: 0.8401 | Val - Loss: -0.9096, Cls: 1.5780, GRQO: -24.8761, Acc: 0.5924
2025-11-23 18:08:52,205 | INFO | [Real World] New best val acc: 0.5924
2025-11-23 18:08:52,205 | INFO | [Real World] Best Acc: 0.5924
2025-11-23 18:08:52,205 | INFO | ------------------------------------------------------------
2025-11-23 18:08:52,205 | INFO | LODO finished | Mean Acc: 0.5005 | Summary saved to ./search_temp\logs\lodo_summary_20251123_180852.json
2025-11-23 18:08:52,318 | INFO | === LODO: Leaving out domain 'Art' ===
2025-11-23 18:09:09,076 | INFO | [Art] Epoch 1/5 | Train - Loss: 4.0179, Cls: 4.0179, GRQO: 0.0013, Acc: 0.1163 | Val - Loss: 3.7486, Cls: 3.7486, GRQO: -0.0008, Acc: 0.2289
2025-11-23 18:09:09,137 | INFO | [Art] New best val acc: 0.2289
2025-11-23 18:09:26,083 | INFO | [Art] Epoch 2/5 | Train - Loss: 3.2153, Cls: 3.2153, GRQO: 0.0011, Acc: 0.3949 | Val - Loss: 2.8509, Cls: 2.8507, GRQO: 0.0042, Acc: 0.3052
2025-11-23 18:09:26,151 | INFO | [Art] New best val acc: 0.3052
2025-11-23 18:09:43,032 | INFO | [Art] Epoch 3/5 | Train - Loss: 2.1656, Cls: 2.1652, GRQO: 0.0080, Acc: 0.5895 | Val - Loss: 2.4501, Cls: 2.4490, GRQO: 0.0230, Acc: 0.3835
2025-11-23 18:09:43,087 | INFO | [Art] New best val acc: 0.3835
2025-11-23 18:10:00,132 | INFO | [Art] Epoch 4/5 | Train - Loss: 1.3347, Cls: 1.3341, GRQO: 0.0116, Acc: 0.7689 | Val - Loss: 2.2360, Cls: 2.2378, GRQO: -0.0377, Acc: 0.4515
2025-11-23 18:10:00,203 | INFO | [Art] New best val acc: 0.4515
2025-11-23 18:10:17,069 | INFO | [Art] Epoch 5/5 | Train - Loss: 0.7810, Cls: 0.7843, GRQO: -0.0648, Acc: 0.8867 | Val - Loss: 2.1294, Cls: 2.1641, GRQO: -0.6942, Acc: 0.4619
2025-11-23 18:10:17,136 | INFO | [Art] New best val acc: 0.4619
2025-11-23 18:10:17,136 | INFO | [Art] Best Acc: 0.4619
2025-11-23 18:10:17,136 | INFO | ------------------------------------------------------------
2025-11-23 18:10:17,265 | INFO | === LODO: Leaving out domain 'Clipart' ===
2025-11-23 18:10:34,080 | INFO | [Clipart] Epoch 1/5 | Train - Loss: 4.0302, Cls: 4.0301, GRQO: 0.0018, Acc: 0.1137 | Val - Loss: 3.8892, Cls: 3.8892, GRQO: -0.0010, Acc: 0.1844
2025-11-23 18:10:34,149 | INFO | [Clipart] New best val acc: 0.1844
2025-11-23 18:10:50,815 | INFO | [Clipart] Epoch 2/5 | Train - Loss: 3.3265, Cls: 3.3265, GRQO: 0.0001, Acc: 0.4017 | Val - Loss: 3.1202, Cls: 3.1201, GRQO: 0.0019, Acc: 0.2829
2025-11-23 18:10:50,868 | INFO | [Clipart] New best val acc: 0.2829
2025-11-23 18:11:07,847 | INFO | [Clipart] Epoch 3/5 | Train - Loss: 2.3171, Cls: 2.3169, GRQO: 0.0038, Acc: 0.5328 | Val - Loss: 2.7036, Cls: 2.7028, GRQO: 0.0162, Acc: 0.3402
2025-11-23 18:11:07,907 | INFO | [Clipart] New best val acc: 0.3402
2025-11-23 18:11:24,897 | INFO | [Clipart] Epoch 4/5 | Train - Loss: 1.5121, Cls: 1.5116, GRQO: 0.0103, Acc: 0.7374 | Val - Loss: 2.4847, Cls: 2.4837, GRQO: 0.0207, Acc: 0.3963
2025-11-23 18:11:24,960 | INFO | [Clipart] New best val acc: 0.3963
2025-11-23 18:11:42,454 | INFO | [Clipart] Epoch 5/5 | Train - Loss: 0.9142, Cls: 0.9140, GRQO: 0.0033, Acc: 0.8729 | Val - Loss: 2.3834, Cls: 2.3994, GRQO: -0.3201, Acc: 0.4055
2025-11-23 18:11:42,526 | INFO | [Clipart] New best val acc: 0.4055
2025-11-23 18:11:42,526 | INFO | [Clipart] Best Acc: 0.4055
2025-11-23 18:11:42,527 | INFO | ------------------------------------------------------------
2025-11-23 18:11:42,645 | INFO | === LODO: Leaving out domain 'Product' ===
2025-11-23 18:11:59,747 | INFO | [Product] Epoch 1/5 | Train - Loss: 4.0571, Cls: 4.0571, GRQO: 0.0009, Acc: 0.0920 | Val - Loss: 3.8176, Cls: 3.8176, GRQO: -0.0012, Acc: 0.1917
2025-11-23 18:11:59,822 | INFO | [Product] New best val acc: 0.1917
2025-11-23 18:12:17,263 | INFO | [Product] Epoch 2/5 | Train - Loss: 3.4758, Cls: 3.4758, GRQO: -0.0001, Acc: 0.3167 | Val - Loss: 2.9274, Cls: 2.9274, GRQO: 0.0007, Acc: 0.3371
2025-11-23 18:12:17,361 | INFO | [Product] New best val acc: 0.3371
2025-11-23 18:12:34,613 | INFO | [Product] Epoch 3/5 | Train - Loss: 2.5884, Cls: 2.5881, GRQO: 0.0058, Acc: 0.4428 | Val - Loss: 2.2781, Cls: 2.2771, GRQO: 0.0194, Acc: 0.4205
2025-11-23 18:12:34,680 | INFO | [Product] New best val acc: 0.4205
2025-11-23 18:12:51,712 | INFO | [Product] Epoch 4/5 | Train - Loss: 1.8039, Cls: 1.8032, GRQO: 0.0150, Acc: 0.6487 | Val - Loss: 1.8549, Cls: 1.8550, GRQO: -0.0022, Acc: 0.5163
2025-11-23 18:12:51,782 | INFO | [Product] New best val acc: 0.5163
2025-11-23 18:13:08,584 | INFO | [Product] Epoch 5/5 | Train - Loss: 1.1678, Cls: 1.1689, GRQO: -0.0237, Acc: 0.8057 | Val - Loss: 1.5345, Cls: 1.5676, GRQO: -0.6607, Acc: 0.5998
2025-11-23 18:13:08,647 | INFO | [Product] New best val acc: 0.5998
2025-11-23 18:13:08,648 | INFO | [Product] Best Acc: 0.5998
2025-11-23 18:13:08,648 | INFO | ------------------------------------------------------------
2025-11-23 18:13:08,745 | INFO | === LODO: Leaving out domain 'Real World' ===
2025-11-23 18:13:25,429 | INFO | [Real World] Epoch 1/5 | Train - Loss: 4.0525, Cls: 4.0525, GRQO: 0.0005, Acc: 0.0846 | Val - Loss: 3.8198, Cls: 3.8199, GRQO: -0.0012, Acc: 0.1619
2025-11-23 18:13:25,500 | INFO | [Real World] New best val acc: 0.1619
2025-11-23 18:13:42,594 | INFO | [Real World] Epoch 2/5 | Train - Loss: 3.5080, Cls: 3.5080, GRQO: -0.0004, Acc: 0.2869 | Val - Loss: 2.9766, Cls: 2.9766, GRQO: -0.0003, Acc: 0.2893
2025-11-23 18:13:42,664 | INFO | [Real World] New best val acc: 0.2893
2025-11-23 18:13:59,646 | INFO | [Real World] Epoch 3/5 | Train - Loss: 2.6313, Cls: 2.6311, GRQO: 0.0030, Acc: 0.4900 | Val - Loss: 2.2319, Cls: 2.2314, GRQO: 0.0088, Acc: 0.4455
2025-11-23 18:13:59,698 | INFO | [Real World] New best val acc: 0.4455
2025-11-23 18:14:16,412 | INFO | [Real World] Epoch 4/5 | Train - Loss: 1.7842, Cls: 1.7836, GRQO: 0.0114, Acc: 0.6655 | Val - Loss: 1.7427, Cls: 1.7417, GRQO: 0.0214, Acc: 0.5580
2025-11-23 18:14:16,480 | INFO | [Real World] New best val acc: 0.5580
2025-11-23 18:14:32,993 | INFO | [Real World] Epoch 5/5 | Train - Loss: 1.1107, Cls: 1.1104, GRQO: 0.0076, Acc: 0.8298 | Val - Loss: 1.5071, Cls: 1.5145, GRQO: -0.1469, Acc: 0.5890
2025-11-23 18:14:33,062 | INFO | [Real World] New best val acc: 0.5890
2025-11-23 18:14:33,063 | INFO | [Real World] Best Acc: 0.5890
2025-11-23 18:14:33,063 | INFO | ------------------------------------------------------------
2025-11-23 18:14:33,065 | INFO | LODO finished | Mean Acc: 0.5140 | Summary saved to ./search_temp\logs\lodo_summary_20251123_181433.json
2025-11-23 18:14:33,160 | INFO | === LODO: Leaving out domain 'Art' ===
2025-11-23 18:14:50,096 | INFO | [Art] Epoch 1/5 | Train - Loss: 4.0228, Cls: 4.0147, GRQO: 0.1624, Acc: 0.1163 | Val - Loss: 3.7485, Cls: 3.7457, GRQO: 0.0567, Acc: 0.2186
2025-11-23 18:14:50,166 | INFO | [Art] New best val acc: 0.2186
2025-11-23 18:15:07,122 | INFO | [Art] Epoch 2/5 | Train - Loss: 3.2941, Cls: 3.2880, GRQO: 0.1207, Acc: 0.3409 | Val - Loss: 2.9781, Cls: 2.9724, GRQO: 0.1149, Acc: 0.2784
2025-11-23 18:15:07,187 | INFO | [Art] New best val acc: 0.2784
2025-11-23 18:15:24,306 | INFO | [Art] Epoch 3/5 | Train - Loss: 2.3176, Cls: 2.3093, GRQO: 0.1659, Acc: 0.5420 | Val - Loss: 2.4628, Cls: 2.4560, GRQO: 0.1359, Acc: 0.3979
2025-11-23 18:15:24,374 | INFO | [Art] New best val acc: 0.3979
2025-11-23 18:15:41,411 | INFO | [Art] Epoch 4/5 | Train - Loss: 1.5119, Cls: 1.5033, GRQO: 0.1707, Acc: 0.7279 | Val - Loss: 2.3151, Cls: 2.3070, GRQO: 0.1622, Acc: 0.4082
2025-11-23 18:15:41,485 | INFO | [Art] New best val acc: 0.4082
2025-11-23 18:15:58,457 | INFO | [Art] Epoch 5/5 | Train - Loss: 0.9117, Cls: 0.9031, GRQO: 0.1712, Acc: 0.8715 | Val - Loss: 2.1586, Cls: 2.1494, GRQO: 0.1839, Acc: 0.4804
2025-11-23 18:15:58,523 | INFO | [Art] New best val acc: 0.4804
2025-11-23 18:15:58,524 | INFO | [Art] Best Acc: 0.4804
2025-11-23 18:15:58,524 | INFO | ------------------------------------------------------------
2025-11-23 18:15:58,627 | INFO | === LODO: Leaving out domain 'Clipart' ===
2025-11-23 18:16:15,294 | INFO | [Clipart] Epoch 1/5 | Train - Loss: 4.0445, Cls: 4.0374, GRQO: 0.1431, Acc: 0.1217 | Val - Loss: 3.9091, Cls: 3.9067, GRQO: 0.0479, Acc: 0.1879
2025-11-23 18:16:15,362 | INFO | [Clipart] New best val acc: 0.1879
2025-11-23 18:16:32,074 | INFO | [Clipart] Epoch 2/5 | Train - Loss: 3.4169, Cls: 3.4109, GRQO: 0.1194, Acc: 0.3852 | Val - Loss: 3.2227, Cls: 3.2162, GRQO: 0.1293, Acc: 0.2577
2025-11-23 18:16:32,144 | INFO | [Clipart] New best val acc: 0.2577
2025-11-23 18:16:48,906 | INFO | [Clipart] Epoch 3/5 | Train - Loss: 2.4499, Cls: 2.4402, GRQO: 0.1938, Acc: 0.5453 | Val - Loss: 2.6632, Cls: 2.6529, GRQO: 0.2065, Acc: 0.3551
2025-11-23 18:16:48,976 | INFO | [Clipart] New best val acc: 0.3551
2025-11-23 18:17:05,743 | INFO | [Clipart] Epoch 4/5 | Train - Loss: 1.6242, Cls: 1.6139, GRQO: 0.2051, Acc: 0.7303 | Val - Loss: 2.4590, Cls: 2.4478, GRQO: 0.2234, Acc: 0.3952
2025-11-23 18:17:05,812 | INFO | [Clipart] New best val acc: 0.3952
2025-11-23 18:17:22,789 | INFO | [Clipart] Epoch 5/5 | Train - Loss: 1.0158, Cls: 1.0056, GRQO: 0.2039, Acc: 0.8631 | Val - Loss: 2.3208, Cls: 2.3077, GRQO: 0.2634, Acc: 0.4307
2025-11-23 18:17:22,863 | INFO | [Clipart] New best val acc: 0.4307
2025-11-23 18:17:22,863 | INFO | [Clipart] Best Acc: 0.4307
2025-11-23 18:17:22,864 | INFO | ------------------------------------------------------------
2025-11-23 18:17:22,959 | INFO | === LODO: Leaving out domain 'Product' ===
2025-11-23 18:17:39,893 | INFO | [Product] Epoch 1/5 | Train - Loss: 4.0877, Cls: 4.0786, GRQO: 0.1820, Acc: 0.0749 | Val - Loss: 3.8595, Cls: 3.8570, GRQO: 0.0491, Acc: 0.1635
2025-11-23 18:17:39,975 | INFO | [Product] New best val acc: 0.1635
2025-11-23 18:17:56,973 | INFO | [Product] Epoch 2/5 | Train - Loss: 3.5846, Cls: 3.5796, GRQO: 0.0989, Acc: 0.2589 | Val - Loss: 3.0839, Cls: 3.0806, GRQO: 0.0650, Acc: 0.2604
2025-11-23 18:17:57,043 | INFO | [Product] New best val acc: 0.2604
2025-11-23 18:18:14,126 | INFO | [Product] Epoch 3/5 | Train - Loss: 2.7203, Cls: 2.7133, GRQO: 0.1398, Acc: 0.4648 | Val - Loss: 2.3168, Cls: 2.3118, GRQO: 0.0996, Acc: 0.4352
2025-11-23 18:18:14,195 | INFO | [Product] New best val acc: 0.4352
2025-11-23 18:18:31,672 | INFO | [Product] Epoch 4/5 | Train - Loss: 1.9209, Cls: 1.9128, GRQO: 0.1608, Acc: 0.6236 | Val - Loss: 1.8878, Cls: 1.8815, GRQO: 0.1264, Acc: 0.5423
2025-11-23 18:18:31,742 | INFO | [Product] New best val acc: 0.5423
2025-11-23 18:18:49,089 | INFO | [Product] Epoch 5/5 | Train - Loss: 1.2684, Cls: 1.2600, GRQO: 0.1677, Acc: 0.8008 | Val - Loss: 1.6518, Cls: 1.6446, GRQO: 0.1437, Acc: 0.6065
2025-11-23 18:18:49,159 | INFO | [Product] New best val acc: 0.6065
2025-11-23 18:18:49,159 | INFO | [Product] Best Acc: 0.6065
2025-11-23 18:18:49,159 | INFO | ------------------------------------------------------------
2025-11-23 18:18:49,257 | INFO | === LODO: Leaving out domain 'Real World' ===
2025-11-23 18:19:06,221 | INFO | [Real World] Epoch 1/5 | Train - Loss: 4.0879, Cls: 4.0799, GRQO: 0.1608, Acc: 0.0575 | Val - Loss: 3.8752, Cls: 3.8730, GRQO: 0.0431, Acc: 0.1240
2025-11-23 18:19:06,316 | INFO | [Real World] New best val acc: 0.1240
2025-11-23 18:19:22,904 | INFO | [Real World] Epoch 2/5 | Train - Loss: 3.6024, Cls: 3.5975, GRQO: 0.0978, Acc: 0.2312 | Val - Loss: 3.0672, Cls: 3.0638, GRQO: 0.0673, Acc: 0.2801
2025-11-23 18:19:22,959 | INFO | [Real World] New best val acc: 0.2801
2025-11-23 18:19:40,187 | INFO | [Real World] Epoch 3/5 | Train - Loss: 2.7795, Cls: 2.7724, GRQO: 0.1420, Acc: 0.4566 | Val - Loss: 2.3711, Cls: 2.3652, GRQO: 0.1163, Acc: 0.4156
2025-11-23 18:19:40,258 | INFO | [Real World] New best val acc: 0.4156
2025-11-23 18:19:57,120 | INFO | [Real World] Epoch 4/5 | Train - Loss: 1.9778, Cls: 1.9698, GRQO: 0.1597, Acc: 0.6192 | Val - Loss: 1.9245, Cls: 1.9184, GRQO: 0.1221, Acc: 0.5293
2025-11-23 18:19:57,191 | INFO | [Real World] New best val acc: 0.5293
2025-11-23 18:20:14,553 | INFO | [Real World] Epoch 5/5 | Train - Loss: 1.3108, Cls: 1.3029, GRQO: 0.1571, Acc: 0.7938 | Val - Loss: 1.6148, Cls: 1.6084, GRQO: 0.1279, Acc: 0.5924
2025-11-23 18:20:14,644 | INFO | [Real World] New best val acc: 0.5924
2025-11-23 18:20:14,644 | INFO | [Real World] Best Acc: 0.5924
2025-11-23 18:20:14,645 | INFO | ------------------------------------------------------------
2025-11-23 18:20:14,646 | INFO | LODO finished | Mean Acc: 0.5275 | Summary saved to ./search_temp\logs\lodo_summary_20251123_182014.json
2025-11-23 18:20:14,757 | INFO | === LODO: Leaving out domain 'Art' ===
2025-11-23 18:20:32,003 | INFO | [Art] Epoch 1/5 | Train - Loss: 4.0338, Cls: 4.0032, GRQO: 0.0614, Acc: 0.1011 | Val - Loss: 3.7485, Cls: 3.7437, GRQO: 0.0095, Acc: 0.2515
2025-11-23 18:20:32,078 | INFO | [Art] New best val acc: 0.2515
2025-11-23 18:20:49,186 | INFO | [Art] Epoch 2/5 | Train - Loss: 3.0723, Cls: 3.0613, GRQO: 0.0220, Acc: 0.4280 | Val - Loss: 2.8572, Cls: 2.8517, GRQO: 0.0111, Acc: 0.3402
2025-11-23 18:20:49,256 | INFO | [Art] New best val acc: 0.3402
2025-11-23 18:21:06,481 | INFO | [Art] Epoch 3/5 | Train - Loss: 1.9070, Cls: 1.8957, GRQO: 0.0227, Acc: 0.6233 | Val - Loss: 2.4351, Cls: 2.4314, GRQO: 0.0074, Acc: 0.4227
2025-11-23 18:21:06,568 | INFO | [Art] New best val acc: 0.4227
2025-11-23 18:21:23,504 | INFO | [Art] Epoch 4/5 | Train - Loss: 1.0776, Cls: 1.0669, GRQO: 0.0214, Acc: 0.8198 | Val - Loss: 2.3523, Cls: 2.3492, GRQO: 0.0061, Acc: 0.4062
2025-11-23 18:21:40,252 | INFO | [Art] Epoch 5/5 | Train - Loss: 0.5524, Cls: 0.5424, GRQO: 0.0200, Acc: 0.9335 | Val - Loss: 2.2158, Cls: 2.2135, GRQO: 0.0045, Acc: 0.4536
2025-11-23 18:21:40,318 | INFO | [Art] New best val acc: 0.4536
2025-11-23 18:21:40,318 | INFO | [Art] Best Acc: 0.4536
2025-11-23 18:21:40,318 | INFO | ------------------------------------------------------------
2025-11-23 18:21:40,435 | INFO | === LODO: Leaving out domain 'Clipart' ===
2025-11-23 18:21:57,284 | INFO | [Clipart] Epoch 1/5 | Train - Loss: 4.0253, Cls: 3.9880, GRQO: 0.0747, Acc: 0.1320 | Val - Loss: 3.8666, Cls: 3.8603, GRQO: 0.0126, Acc: 0.1879
2025-11-23 18:21:57,353 | INFO | [Clipart] New best val acc: 0.1879
2025-11-23 18:22:13,891 | INFO | [Clipart] Epoch 2/5 | Train - Loss: 3.1288, Cls: 3.1165, GRQO: 0.0247, Acc: 0.4717 | Val - Loss: 3.1217, Cls: 3.1164, GRQO: 0.0106, Acc: 0.2589
2025-11-23 18:22:13,954 | INFO | [Clipart] New best val acc: 0.2589
2025-11-23 18:22:30,618 | INFO | [Clipart] Epoch 3/5 | Train - Loss: 2.0053, Cls: 1.9925, GRQO: 0.0255, Acc: 0.6121 | Val - Loss: 2.7136, Cls: 2.7089, GRQO: 0.0094, Acc: 0.3711
2025-11-23 18:22:30,684 | INFO | [Clipart] New best val acc: 0.3711
2025-11-23 18:22:47,534 | INFO | [Clipart] Epoch 4/5 | Train - Loss: 1.1741, Cls: 1.1623, GRQO: 0.0235, Acc: 0.8150 | Val - Loss: 2.5369, Cls: 2.5335, GRQO: 0.0068, Acc: 0.4124
2025-11-23 18:22:47,597 | INFO | [Clipart] New best val acc: 0.4124
2025-11-23 18:23:04,209 | INFO | [Clipart] Epoch 5/5 | Train - Loss: 0.6302, Cls: 0.6190, GRQO: 0.0223, Acc: 0.9358 | Val - Loss: 2.4556, Cls: 2.4530, GRQO: 0.0053, Acc: 0.4135
2025-11-23 18:23:04,272 | INFO | [Clipart] New best val acc: 0.4135
2025-11-23 18:23:04,272 | INFO | [Clipart] Best Acc: 0.4135
2025-11-23 18:23:04,273 | INFO | ------------------------------------------------------------
2025-11-23 18:23:04,382 | INFO | === LODO: Leaving out domain 'Product' ===
2025-11-23 18:23:21,085 | INFO | [Product] Epoch 1/5 | Train - Loss: 4.0742, Cls: 4.0446, GRQO: 0.0591, Acc: 0.0781 | Val - Loss: 3.8058, Cls: 3.8019, GRQO: 0.0078, Acc: 0.2131
2025-11-23 18:23:21,152 | INFO | [Product] New best val acc: 0.2131
2025-11-23 18:23:38,016 | INFO | [Product] Epoch 2/5 | Train - Loss: 3.3629, Cls: 3.3509, GRQO: 0.0239, Acc: 0.3437 | Val - Loss: 2.9198, Cls: 2.9147, GRQO: 0.0102, Acc: 0.3416
2025-11-23 18:23:38,066 | INFO | [Product] New best val acc: 0.3416
2025-11-23 18:23:54,832 | INFO | [Product] Epoch 3/5 | Train - Loss: 2.3597, Cls: 2.3480, GRQO: 0.0235, Acc: 0.4993 | Val - Loss: 2.2309, Cls: 2.2278, GRQO: 0.0064, Acc: 0.4837
2025-11-23 18:23:54,918 | INFO | [Product] New best val acc: 0.4837
2025-11-23 18:24:11,833 | INFO | [Product] Epoch 4/5 | Train - Loss: 1.4915, Cls: 1.4797, GRQO: 0.0235, Acc: 0.7223 | Val - Loss: 1.8573, Cls: 1.8549, GRQO: 0.0048, Acc: 0.5513
2025-11-23 18:24:11,899 | INFO | [Product] New best val acc: 0.5513
2025-11-23 18:24:28,723 | INFO | [Product] Epoch 5/5 | Train - Loss: 0.8393, Cls: 0.8281, GRQO: 0.0225, Acc: 0.9049 | Val - Loss: 1.5942, Cls: 1.5920, GRQO: 0.0045, Acc: 0.6043
2025-11-23 18:24:28,782 | INFO | [Product] New best val acc: 0.6043
2025-11-23 18:24:28,782 | INFO | [Product] Best Acc: 0.6043
2025-11-23 18:24:28,782 | INFO | ------------------------------------------------------------
2025-11-23 18:24:28,881 | INFO | === LODO: Leaving out domain 'Real World' ===
2025-11-23 18:24:45,798 | INFO | [Real World] Epoch 1/5 | Train - Loss: 4.0844, Cls: 4.0474, GRQO: 0.0741, Acc: 0.0837 | Val - Loss: 3.8234, Cls: 3.8181, GRQO: 0.0105, Acc: 0.1378
2025-11-23 18:24:45,867 | INFO | [Real World] New best val acc: 0.1378
2025-11-23 18:25:02,814 | INFO | [Real World] Epoch 2/5 | Train - Loss: 3.3760, Cls: 3.3655, GRQO: 0.0211, Acc: 0.3109 | Val - Loss: 2.9252, Cls: 2.9195, GRQO: 0.0114, Acc: 0.3077
2025-11-23 18:25:02,897 | INFO | [Real World] New best val acc: 0.3077
2025-11-23 18:25:19,439 | INFO | [Real World] Epoch 3/5 | Train - Loss: 2.3615, Cls: 2.3491, GRQO: 0.0247, Acc: 0.5212 | Val - Loss: 2.2048, Cls: 2.2006, GRQO: 0.0083, Acc: 0.4604
2025-11-23 18:25:19,499 | INFO | [Real World] New best val acc: 0.4604
2025-11-23 18:25:35,914 | INFO | [Real World] Epoch 4/5 | Train - Loss: 1.4601, Cls: 1.4481, GRQO: 0.0240, Acc: 0.7350 | Val - Loss: 1.7782, Cls: 1.7754, GRQO: 0.0056, Acc: 0.5568
2025-11-23 18:25:35,980 | INFO | [Real World] New best val acc: 0.5568
2025-11-23 18:25:52,463 | INFO | [Real World] Epoch 5/5 | Train - Loss: 0.8021, Cls: 0.7906, GRQO: 0.0230, Acc: 0.9024 | Val - Loss: 1.5330, Cls: 1.5308, GRQO: 0.0043, Acc: 0.6005
2025-11-23 18:25:52,530 | INFO | [Real World] New best val acc: 0.6005
2025-11-23 18:25:52,530 | INFO | [Real World] Best Acc: 0.6005
2025-11-23 18:25:52,530 | INFO | ------------------------------------------------------------
2025-11-23 18:25:52,530 | INFO | LODO finished | Mean Acc: 0.5180 | Summary saved to ./search_temp\logs\lodo_summary_20251123_182552.json
2025-11-23 18:25:52,630 | INFO | === LODO: Leaving out domain 'Art' ===
2025-11-23 18:26:09,613 | INFO | [Art] Epoch 1/5 | Train - Loss: 4.0113, Cls: 4.0105, GRQO: 0.0081, Acc: 0.1117 | Val - Loss: 3.7561, Cls: 3.7569, GRQO: -0.0084, Acc: 0.1876
2025-11-23 18:26:09,680 | INFO | [Art] New best val acc: 0.1876
2025-11-23 18:26:26,479 | INFO | [Art] Epoch 2/5 | Train - Loss: 3.2411, Cls: 3.2411, GRQO: 0.0001, Acc: 0.3634 | Val - Loss: 2.8422, Cls: 2.8400, GRQO: 0.0216, Acc: 0.3423
2025-11-23 18:26:26,548 | INFO | [Art] New best val acc: 0.3423
2025-11-23 18:26:43,664 | INFO | [Art] Epoch 3/5 | Train - Loss: 2.1926, Cls: 2.1895, GRQO: 0.0319, Acc: 0.5910 | Val - Loss: 2.5205, Cls: 2.5043, GRQO: 0.1622, Acc: 0.3856
2025-11-23 18:26:43,733 | INFO | [Art] New best val acc: 0.3856
2025-11-23 18:27:00,882 | INFO | [Art] Epoch 4/5 | Train - Loss: 1.3602, Cls: 1.3565, GRQO: 0.0376, Acc: 0.7647 | Val - Loss: 2.1760, Cls: 2.2145, GRQO: -0.3846, Acc: 0.4680
2025-11-23 18:27:00,962 | INFO | [Art] New best val acc: 0.4680
2025-11-23 18:27:17,945 | INFO | [Art] Epoch 5/5 | Train - Loss: 0.8082, Cls: 0.8240, GRQO: -0.1582, Acc: 0.8731 | Val - Loss: 1.8227, Cls: 2.1246, GRQO: -3.0190, Acc: 0.4845
2025-11-23 18:27:18,037 | INFO | [Art] New best val acc: 0.4845
2025-11-23 18:27:18,037 | INFO | [Art] Best Acc: 0.4845
2025-11-23 18:27:18,038 | INFO | ------------------------------------------------------------
2025-11-23 18:27:18,147 | INFO | === LODO: Leaving out domain 'Clipart' ===
2025-11-23 18:27:35,037 | INFO | [Clipart] Epoch 1/5 | Train - Loss: 4.0498, Cls: 4.0492, GRQO: 0.0064, Acc: 0.1034 | Val - Loss: 3.9079, Cls: 3.9089, GRQO: -0.0103, Acc: 0.1730
2025-11-23 18:27:35,095 | INFO | [Clipart] New best val acc: 0.1730
2025-11-23 18:27:51,938 | INFO | [Clipart] Epoch 2/5 | Train - Loss: 3.3886, Cls: 3.3889, GRQO: -0.0038, Acc: 0.3995 | Val - Loss: 3.1764, Cls: 3.1757, GRQO: 0.0069, Acc: 0.2509
2025-11-23 18:27:51,994 | INFO | [Clipart] New best val acc: 0.2509
2025-11-23 18:28:08,644 | INFO | [Clipart] Epoch 3/5 | Train - Loss: 2.3833, Cls: 2.3817, GRQO: 0.0157, Acc: 0.5613 | Val - Loss: 2.7523, Cls: 2.7443, GRQO: 0.0797, Acc: 0.3356
2025-11-23 18:28:08,715 | INFO | [Clipart] New best val acc: 0.3356
2025-11-23 18:28:25,495 | INFO | [Clipart] Epoch 4/5 | Train - Loss: 1.5483, Cls: 1.5438, GRQO: 0.0445, Acc: 0.7334 | Val - Loss: 2.5812, Cls: 2.5656, GRQO: 0.1558, Acc: 0.3769
2025-11-23 18:28:25,561 | INFO | [Clipart] New best val acc: 0.3769
2025-11-23 18:28:42,177 | INFO | [Clipart] Epoch 5/5 | Train - Loss: 0.9650, Cls: 0.9632, GRQO: 0.0186, Acc: 0.8667 | Val - Loss: 2.5168, Cls: 2.5797, GRQO: -0.6294, Acc: 0.3849
2025-11-23 18:28:42,241 | INFO | [Clipart] New best val acc: 0.3849
2025-11-23 18:28:42,242 | INFO | [Clipart] Best Acc: 0.3849
2025-11-23 18:28:42,242 | INFO | ------------------------------------------------------------
2025-11-23 18:28:42,346 | INFO | === LODO: Leaving out domain 'Product' ===
2025-11-23 18:28:59,095 | INFO | [Product] Epoch 1/5 | Train - Loss: 4.0758, Cls: 4.0755, GRQO: 0.0036, Acc: 0.0633 | Val - Loss: 3.8402, Cls: 3.8411, GRQO: -0.0095, Acc: 0.1533
2025-11-23 18:28:59,143 | INFO | [Product] New best val acc: 0.1533
2025-11-23 18:29:15,855 | INFO | [Product] Epoch 2/5 | Train - Loss: 3.5009, Cls: 3.5012, GRQO: -0.0036, Acc: 0.3167 | Val - Loss: 3.0270, Cls: 3.0275, GRQO: -0.0047, Acc: 0.3382
2025-11-23 18:29:15,925 | INFO | [Product] New best val acc: 0.3382
2025-11-23 18:29:32,813 | INFO | [Product] Epoch 3/5 | Train - Loss: 2.6204, Cls: 2.6197, GRQO: 0.0074, Acc: 0.4679 | Val - Loss: 2.2936, Cls: 2.2924, GRQO: 0.0126, Acc: 0.4543
2025-11-23 18:29:32,883 | INFO | [Product] New best val acc: 0.4543
2025-11-23 18:29:50,253 | INFO | [Product] Epoch 4/5 | Train - Loss: 1.8181, Cls: 1.8162, GRQO: 0.0191, Acc: 0.6438 | Val - Loss: 1.8777, Cls: 1.8697, GRQO: 0.0801, Acc: 0.5423
2025-11-23 18:29:50,323 | INFO | [Product] New best val acc: 0.5423
2025-11-23 18:30:07,123 | INFO | [Product] Epoch 5/5 | Train - Loss: 1.1891, Cls: 1.1858, GRQO: 0.0328, Acc: 0.8219 | Val - Loss: 1.6127, Cls: 1.6059, GRQO: 0.0684, Acc: 0.5896
2025-11-23 18:30:07,173 | INFO | [Product] New best val acc: 0.5896
2025-11-23 18:30:07,189 | INFO | [Product] Best Acc: 0.5896
2025-11-23 18:30:07,189 | INFO | ------------------------------------------------------------
2025-11-23 18:30:07,293 | INFO | === LODO: Leaving out domain 'Real World' ===
2025-11-23 18:30:23,914 | INFO | [Real World] Epoch 1/5 | Train - Loss: 4.0826, Cls: 4.0817, GRQO: 0.0090, Acc: 0.0521 | Val - Loss: 3.8840, Cls: 3.8850, GRQO: -0.0102, Acc: 0.1091
2025-11-23 18:30:23,986 | INFO | [Real World] New best val acc: 0.1091
2025-11-23 18:30:41,174 | INFO | [Real World] Epoch 2/5 | Train - Loss: 3.5777, Cls: 3.5783, GRQO: -0.0056, Acc: 0.2472 | Val - Loss: 3.0276, Cls: 3.0286, GRQO: -0.0097, Acc: 0.2939
2025-11-23 18:30:41,241 | INFO | [Real World] New best val acc: 0.2939
2025-11-23 18:30:57,645 | INFO | [Real World] Epoch 3/5 | Train - Loss: 2.7014, Cls: 2.7017, GRQO: -0.0027, Acc: 0.4526 | Val - Loss: 2.3150, Cls: 2.3155, GRQO: -0.0054, Acc: 0.4145
2025-11-23 18:30:57,717 | INFO | [Real World] New best val acc: 0.4145
2025-11-23 18:31:14,442 | INFO | [Real World] Epoch 4/5 | Train - Loss: 1.8519, Cls: 1.8521, GRQO: -0.0019, Acc: 0.6557 | Val - Loss: 1.9056, Cls: 1.9053, GRQO: 0.0022, Acc: 0.5293
2025-11-23 18:31:14,524 | INFO | [Real World] New best val acc: 0.5293
2025-11-23 18:31:32,157 | INFO | [Real World] Epoch 5/5 | Train - Loss: 1.1952, Cls: 1.1956, GRQO: -0.0033, Acc: 0.8454 | Val - Loss: 1.6059, Cls: 1.6043, GRQO: 0.0157, Acc: 0.5970
2025-11-23 18:31:32,255 | INFO | [Real World] New best val acc: 0.5970
2025-11-23 18:31:32,256 | INFO | [Real World] Best Acc: 0.5970
2025-11-23 18:31:32,256 | INFO | ------------------------------------------------------------
2025-11-23 18:31:32,256 | INFO | LODO finished | Mean Acc: 0.5140 | Summary saved to ./search_temp\logs\lodo_summary_20251123_183132.json
2025-11-23 18:31:32,391 | INFO | === LODO: Leaving out domain 'Art' ===
2025-11-23 18:31:49,406 | INFO | [Art] Epoch 1/5 | Train - Loss: 3.9480, Cls: 3.9443, GRQO: 0.0369, Acc: 0.1471 | Val - Loss: 3.5202, Cls: 3.5196, GRQO: 0.0064, Acc: 0.2371
2025-11-23 18:31:49,473 | INFO | [Art] New best val acc: 0.2371
2025-11-23 18:32:06,422 | INFO | [Art] Epoch 2/5 | Train - Loss: 2.9073, Cls: 2.9043, GRQO: 0.0302, Acc: 0.4417 | Val - Loss: 2.7975, Cls: 2.7956, GRQO: 0.0189, Acc: 0.3134
2025-11-23 18:32:06,472 | INFO | [Art] New best val acc: 0.3134
2025-11-23 18:32:23,382 | INFO | [Art] Epoch 3/5 | Train - Loss: 1.8152, Cls: 1.8108, GRQO: 0.0434, Acc: 0.6674 | Val - Loss: 2.3613, Cls: 2.3560, GRQO: 0.0530, Acc: 0.4351
2025-11-23 18:32:23,446 | INFO | [Art] New best val acc: 0.4351
2025-11-23 18:32:40,272 | INFO | [Art] Epoch 4/5 | Train - Loss: 1.0265, Cls: 1.0214, GRQO: 0.0510, Acc: 0.8480 | Val - Loss: 2.1255, Cls: 2.1128, GRQO: 0.1276, Acc: 0.4887
2025-11-23 18:32:40,337 | INFO | [Art] New best val acc: 0.4887
2025-11-23 18:32:57,076 | INFO | [Art] Epoch 5/5 | Train - Loss: 0.5291, Cls: 0.5239, GRQO: 0.0522, Acc: 0.9559 | Val - Loss: 2.1164, Cls: 2.0996, GRQO: 0.1678, Acc: 0.5010
2025-11-23 18:32:57,139 | INFO | [Art] New best val acc: 0.5010
2025-11-23 18:32:57,139 | INFO | [Art] Best Acc: 0.5010
2025-11-23 18:32:57,139 | INFO | ------------------------------------------------------------
2025-11-23 18:32:57,255 | INFO | === LODO: Leaving out domain 'Clipart' ===
2025-11-23 18:33:13,954 | INFO | [Clipart] Epoch 1/5 | Train - Loss: 3.9818, Cls: 3.9780, GRQO: 0.0380, Acc: 0.1427 | Val - Loss: 3.7577, Cls: 3.7575, GRQO: 0.0024, Acc: 0.1741
2025-11-23 18:33:14,005 | INFO | [Clipart] New best val acc: 0.1741
2025-11-23 18:33:30,571 | INFO | [Clipart] Epoch 2/5 | Train - Loss: 3.0269, Cls: 3.0242, GRQO: 0.0275, Acc: 0.4632 | Val - Loss: 2.8987, Cls: 2.8952, GRQO: 0.0350, Acc: 0.3196
2025-11-23 18:33:30,637 | INFO | [Clipart] New best val acc: 0.3196
2025-11-23 18:33:47,104 | INFO | [Clipart] Epoch 3/5 | Train - Loss: 1.9174, Cls: 1.9117, GRQO: 0.0565, Acc: 0.6728 | Val - Loss: 2.6515, Cls: 2.6411, GRQO: 0.1035, Acc: 0.3654
2025-11-23 18:33:47,156 | INFO | [Clipart] New best val acc: 0.3654
2025-11-23 18:34:04,056 | INFO | [Clipart] Epoch 4/5 | Train - Loss: 1.1007, Cls: 1.0936, GRQO: 0.0713, Acc: 0.8506 | Val - Loss: 2.4480, Cls: 2.4290, GRQO: 0.1894, Acc: 0.3963
2025-11-23 18:34:04,121 | INFO | [Clipart] New best val acc: 0.3963
2025-11-23 18:34:21,003 | INFO | [Clipart] Epoch 5/5 | Train - Loss: 0.5832, Cls: 0.5745, GRQO: 0.0865, Acc: 0.9514 | Val - Loss: 2.3788, Cls: 2.3449, GRQO: 0.3386, Acc: 0.4238
2025-11-23 18:34:21,070 | INFO | [Clipart] New best val acc: 0.4238
2025-11-23 18:34:21,070 | INFO | [Clipart] Best Acc: 0.4238
2025-11-23 18:34:21,070 | INFO | ------------------------------------------------------------
2025-11-23 18:34:21,186 | INFO | === LODO: Leaving out domain 'Product' ===
2025-11-23 18:34:37,753 | INFO | [Product] Epoch 1/5 | Train - Loss: 4.0255, Cls: 4.0219, GRQO: 0.0367, Acc: 0.1059 | Val - Loss: 3.6481, Cls: 3.6479, GRQO: 0.0019, Acc: 0.1894
2025-11-23 18:34:37,820 | INFO | [Product] New best val acc: 0.1894
2025-11-23 18:34:54,571 | INFO | [Product] Epoch 2/5 | Train - Loss: 3.2330, Cls: 3.2308, GRQO: 0.0223, Acc: 0.3495 | Val - Loss: 2.7492, Cls: 2.7481, GRQO: 0.0106, Acc: 0.3596
2025-11-23 18:34:54,638 | INFO | [Product] New best val acc: 0.3596
2025-11-23 18:35:11,235 | INFO | [Product] Epoch 3/5 | Train - Loss: 2.2421, Cls: 2.2388, GRQO: 0.0326, Acc: 0.5599 | Val - Loss: 2.1212, Cls: 2.1184, GRQO: 0.0283, Acc: 0.4915
2025-11-23 18:35:11,288 | INFO | [Product] New best val acc: 0.4915
2025-11-23 18:35:28,042 | INFO | [Product] Epoch 4/5 | Train - Loss: 1.3926, Cls: 1.3885, GRQO: 0.0408, Acc: 0.8102 | Val - Loss: 1.7326, Cls: 1.7284, GRQO: 0.0422, Acc: 0.5705
2025-11-23 18:35:28,104 | INFO | [Product] New best val acc: 0.5705
2025-11-23 18:35:45,152 | INFO | [Product] Epoch 5/5 | Train - Loss: 0.7677, Cls: 0.7632, GRQO: 0.0446, Acc: 0.9372 | Val - Loss: 1.4795, Cls: 1.4739, GRQO: 0.0558, Acc: 0.6234
2025-11-23 18:35:45,221 | INFO | [Product] New best val acc: 0.6234
2025-11-23 18:35:45,221 | INFO | [Product] Best Acc: 0.6234
2025-11-23 18:35:45,221 | INFO | ------------------------------------------------------------
2025-11-23 18:35:45,319 | INFO | === LODO: Leaving out domain 'Real World' ===
2025-11-23 18:36:01,951 | INFO | [Real World] Epoch 1/5 | Train - Loss: 4.0038, Cls: 4.0008, GRQO: 0.0297, Acc: 0.0864 | Val - Loss: 3.6029, Cls: 3.6025, GRQO: 0.0036, Acc: 0.2101
2025-11-23 18:36:02,001 | INFO | [Real World] New best val acc: 0.2101
2025-11-23 18:36:19,174 | INFO | [Real World] Epoch 2/5 | Train - Loss: 3.1840, Cls: 3.1816, GRQO: 0.0243, Acc: 0.3835 | Val - Loss: 2.6720, Cls: 2.6708, GRQO: 0.0118, Acc: 0.3456
2025-11-23 18:36:19,235 | INFO | [Real World] New best val acc: 0.3456
2025-11-23 18:36:35,753 | INFO | [Real World] Epoch 3/5 | Train - Loss: 2.1562, Cls: 2.1523, GRQO: 0.0385, Acc: 0.5826 | Val - Loss: 2.0440, Cls: 2.0401, GRQO: 0.0384, Acc: 0.4983
2025-11-23 18:36:35,934 | INFO | [Real World] New best val acc: 0.4983
2025-11-23 18:36:53,200 | INFO | [Real World] Epoch 4/5 | Train - Loss: 1.3357, Cls: 1.3312, GRQO: 0.0455, Acc: 0.8022 | Val - Loss: 1.6748, Cls: 1.6699, GRQO: 0.0484, Acc: 0.5775
2025-11-23 18:36:53,277 | INFO | [Real World] New best val acc: 0.5775
2025-11-23 18:37:10,536 | INFO | [Real World] Epoch 5/5 | Train - Loss: 0.7549, Cls: 0.7504, GRQO: 0.0449, Acc: 0.9229 | Val - Loss: 1.4936, Cls: 1.4868, GRQO: 0.0688, Acc: 0.6211
2025-11-23 18:37:10,601 | INFO | [Real World] New best val acc: 0.6211
2025-11-23 18:37:10,601 | INFO | [Real World] Best Acc: 0.6211
2025-11-23 18:37:10,601 | INFO | ------------------------------------------------------------
2025-11-23 18:37:10,601 | INFO | LODO finished | Mean Acc: 0.5424 | Summary saved to ./search_temp\logs\lodo_summary_20251123_183710.json
2025-11-23 18:37:10,700 | INFO | === LODO: Leaving out domain 'Art' ===
2025-11-23 18:37:27,783 | INFO | [Art] Epoch 1/5 | Train - Loss: 3.9638, Cls: 3.9601, GRQO: 0.0371, Acc: 0.1581 | Val - Loss: 3.6948, Cls: 3.6924, GRQO: 0.0242, Acc: 0.2722
2025-11-23 18:37:27,850 | INFO | [Art] New best val acc: 0.2722
2025-11-23 18:37:44,633 | INFO | [Art] Epoch 2/5 | Train - Loss: 2.8570, Cls: 2.8501, GRQO: 0.0697, Acc: 0.4751 | Val - Loss: 2.7396, Cls: 2.7240, GRQO: 0.1566, Acc: 0.3402
2025-11-23 18:37:44,683 | INFO | [Art] New best val acc: 0.3402
2025-11-23 18:38:01,606 | INFO | [Art] Epoch 3/5 | Train - Loss: 1.6116, Cls: 1.5720, GRQO: 0.3966, Acc: 0.6724 | Val - Loss: 2.5161, Cls: 2.4518, GRQO: 0.6426, Acc: 0.3918
2025-11-23 18:38:01,670 | INFO | [Art] New best val acc: 0.3918
2025-11-23 18:38:18,699 | INFO | [Art] Epoch 4/5 | Train - Loss: 0.8605, Cls: 0.8106, GRQO: 0.4986, Acc: 0.8404 | Val - Loss: 2.3428, Cls: 2.2964, GRQO: 0.4638, Acc: 0.4412
2025-11-23 18:38:18,782 | INFO | [Art] New best val acc: 0.4412
2025-11-23 18:38:35,782 | INFO | [Art] Epoch 5/5 | Train - Loss: 0.4985, Cls: 0.4622, GRQO: 0.3633, Acc: 0.9137 | Val - Loss: 2.2794, Cls: 2.2538, GRQO: 0.2565, Acc: 0.4454
2025-11-23 18:38:35,849 | INFO | [Art] New best val acc: 0.4454
2025-11-23 18:38:35,849 | INFO | [Art] Best Acc: 0.4454
2025-11-23 18:38:35,849 | INFO | ------------------------------------------------------------
2025-11-23 18:38:35,966 | INFO | === LODO: Leaving out domain 'Clipart' ===
2025-11-23 18:38:52,898 | INFO | [Clipart] Epoch 1/5 | Train - Loss: 3.9825, Cls: 3.9795, GRQO: 0.0309, Acc: 0.1222 | Val - Loss: 3.8119, Cls: 3.8096, GRQO: 0.0231, Acc: 0.2314
2025-11-23 18:38:52,967 | INFO | [Clipart] New best val acc: 0.2314
2025-11-23 18:39:10,032 | INFO | [Clipart] Epoch 2/5 | Train - Loss: 3.0031, Cls: 2.9954, GRQO: 0.0771, Acc: 0.4744 | Val - Loss: 2.9893, Cls: 2.9642, GRQO: 0.2509, Acc: 0.3173
2025-11-23 18:39:10,098 | INFO | [Clipart] New best val acc: 0.3173
2025-11-23 18:39:27,049 | INFO | [Clipart] Epoch 3/5 | Train - Loss: 1.7769, Cls: 1.7364, GRQO: 0.4055, Acc: 0.6585 | Val - Loss: 2.7171, Cls: 2.6384, GRQO: 0.7867, Acc: 0.3551
2025-11-23 18:39:27,116 | INFO | [Clipart] New best val acc: 0.3551
2025-11-23 18:39:44,314 | INFO | [Clipart] Epoch 4/5 | Train - Loss: 0.8926, Cls: 0.8346, GRQO: 0.5803, Acc: 0.8511 | Val - Loss: 2.5605, Cls: 2.5087, GRQO: 0.5180, Acc: 0.3952
2025-11-23 18:39:44,384 | INFO | [Clipart] New best val acc: 0.3952
2025-11-23 18:40:01,080 | INFO | [Clipart] Epoch 5/5 | Train - Loss: 0.4661, Cls: 0.4250, GRQO: 0.4110, Acc: 0.9438 | Val - Loss: 2.5800, Cls: 2.5500, GRQO: 0.3008, Acc: 0.3986
2025-11-23 18:40:01,131 | INFO | [Clipart] New best val acc: 0.3986
2025-11-23 18:40:01,131 | INFO | [Clipart] Best Acc: 0.3986
2025-11-23 18:40:01,131 | INFO | ------------------------------------------------------------
2025-11-23 18:40:01,250 | INFO | === LODO: Leaving out domain 'Product' ===
2025-11-23 18:40:18,280 | INFO | [Product] Epoch 1/5 | Train - Loss: 4.0076, Cls: 4.0042, GRQO: 0.0333, Acc: 0.1117 | Val - Loss: 3.6722, Cls: 3.6703, GRQO: 0.0189, Acc: 0.2221
2025-11-23 18:40:18,348 | INFO | [Product] New best val acc: 0.2221
2025-11-23 18:40:35,347 | INFO | [Product] Epoch 2/5 | Train - Loss: 3.1864, Cls: 3.1818, GRQO: 0.0453, Acc: 0.3656 | Val - Loss: 2.7817, Cls: 2.7733, GRQO: 0.0848, Acc: 0.3788
2025-11-23 18:40:35,432 | INFO | [Product] New best val acc: 0.3788
2025-11-23 18:40:52,363 | INFO | [Product] Epoch 3/5 | Train - Loss: 2.1165, Cls: 2.0976, GRQO: 0.1890, Acc: 0.5576 | Val - Loss: 2.0672, Cls: 2.0344, GRQO: 0.3282, Acc: 0.5197
2025-11-23 18:40:52,431 | INFO | [Product] New best val acc: 0.5197
2025-11-23 18:41:09,442 | INFO | [Product] Epoch 4/5 | Train - Loss: 1.1717, Cls: 1.1242, GRQO: 0.4746, Acc: 0.7856 | Val - Loss: 1.6716, Cls: 1.6113, GRQO: 0.6032, Acc: 0.5964
2025-11-23 18:41:09,515 | INFO | [Product] New best val acc: 0.5964
2025-11-23 18:41:26,579 | INFO | [Product] Epoch 5/5 | Train - Loss: 0.6423, Cls: 0.5961, GRQO: 0.4617, Acc: 0.9085 | Val - Loss: 1.5424, Cls: 1.4985, GRQO: 0.4387, Acc: 0.6099
2025-11-23 18:41:26,642 | INFO | [Product] New best val acc: 0.6099
2025-11-23 18:41:26,643 | INFO | [Product] Best Acc: 0.6099
2025-11-23 18:41:26,643 | INFO | ------------------------------------------------------------
2025-11-23 18:41:26,746 | INFO | === LODO: Leaving out domain 'Real World' ===
2025-11-23 18:41:43,461 | INFO | [Real World] Epoch 1/5 | Train - Loss: 4.0024, Cls: 3.9992, GRQO: 0.0325, Acc: 0.0958 | Val - Loss: 3.6656, Cls: 3.6641, GRQO: 0.0149, Acc: 0.2158
2025-11-23 18:41:43,534 | INFO | [Real World] New best val acc: 0.2158
2025-11-23 18:42:00,178 | INFO | [Real World] Epoch 2/5 | Train - Loss: 3.1494, Cls: 3.1454, GRQO: 0.0400, Acc: 0.3541 | Val - Loss: 2.6683, Cls: 2.6614, GRQO: 0.0686, Acc: 0.3662
2025-11-23 18:42:00,246 | INFO | [Real World] New best val acc: 0.3662
2025-11-23 18:42:16,746 | INFO | [Real World] Epoch 3/5 | Train - Loss: 2.0505, Cls: 2.0358, GRQO: 0.1477, Acc: 0.5978 | Val - Loss: 1.9765, Cls: 1.9478, GRQO: 0.2869, Acc: 0.5465
2025-11-23 18:42:16,811 | INFO | [Real World] New best val acc: 0.5465
2025-11-23 18:42:33,235 | INFO | [Real World] Epoch 4/5 | Train - Loss: 1.1307, Cls: 1.0904, GRQO: 0.4026, Acc: 0.8013 | Val - Loss: 1.6450, Cls: 1.5871, GRQO: 0.5797, Acc: 0.6051
2025-11-23 18:42:33,294 | INFO | [Real World] New best val acc: 0.6051
2025-11-23 18:42:49,912 | INFO | [Real World] Epoch 5/5 | Train - Loss: 0.6252, Cls: 0.5766, GRQO: 0.4865, Acc: 0.9154 | Val - Loss: 1.4995, Cls: 1.4515, GRQO: 0.4803, Acc: 0.6280
2025-11-23 18:42:49,977 | INFO | [Real World] New best val acc: 0.6280
2025-11-23 18:42:49,977 | INFO | [Real World] Best Acc: 0.6280
2025-11-23 18:42:49,977 | INFO | ------------------------------------------------------------
2025-11-23 18:42:49,977 | INFO | LODO finished | Mean Acc: 0.5205 | Summary saved to ./search_temp\logs\lodo_summary_20251123_184249.json
2025-11-23 18:42:50,094 | INFO | === LODO: Leaving out domain 'Art' ===
2025-11-23 18:43:06,760 | INFO | [Art] Epoch 1/5 | Train - Loss: 4.0339, Cls: 4.0197, GRQO: 0.2831, Acc: 0.1129 | Val - Loss: 3.7659, Cls: 3.7626, GRQO: 0.0652, Acc: 0.2206
2025-11-23 18:43:06,826 | INFO | [Art] New best val acc: 0.2206
2025-11-23 18:43:23,846 | INFO | [Art] Epoch 2/5 | Train - Loss: 3.2505, Cls: 3.2398, GRQO: 0.2146, Acc: 0.4025 | Val - Loss: 2.8710, Cls: 2.8650, GRQO: 0.1205, Acc: 0.3361
2025-11-23 18:43:23,909 | INFO | [Art] New best val acc: 0.3361
2025-11-23 18:43:40,859 | INFO | [Art] Epoch 3/5 | Train - Loss: 2.2012, Cls: 2.1883, GRQO: 0.2577, Acc: 0.5739 | Val - Loss: 2.4511, Cls: 2.4461, GRQO: 0.1002, Acc: 0.4103
2025-11-23 18:43:40,928 | INFO | [Art] New best val acc: 0.4103
2025-11-23 18:43:57,742 | INFO | [Art] Epoch 4/5 | Train - Loss: 1.3605, Cls: 1.3487, GRQO: 0.2361, Acc: 0.7807 | Val - Loss: 2.2752, Cls: 2.2711, GRQO: 0.0818, Acc: 0.4309
2025-11-23 18:43:57,809 | INFO | [Art] New best val acc: 0.4309
2025-11-23 18:44:14,642 | INFO | [Art] Epoch 5/5 | Train - Loss: 0.7925, Cls: 0.7814, GRQO: 0.2226, Acc: 0.9004 | Val - Loss: 2.1445, Cls: 2.1409, GRQO: 0.0712, Acc: 0.4866
2025-11-23 18:44:14,710 | INFO | [Art] New best val acc: 0.4866
2025-11-23 18:44:14,710 | INFO | [Art] Best Acc: 0.4866
2025-11-23 18:44:14,710 | INFO | ------------------------------------------------------------
2025-11-23 18:44:14,827 | INFO | === LODO: Leaving out domain 'Clipart' ===
2025-11-23 18:44:31,708 | INFO | [Clipart] Epoch 1/5 | Train - Loss: 4.0360, Cls: 4.0217, GRQO: 0.2872, Acc: 0.1173 | Val - Loss: 3.8844, Cls: 3.8809, GRQO: 0.0700, Acc: 0.1627
2025-11-23 18:44:31,759 | INFO | [Clipart] New best val acc: 0.1627
2025-11-23 18:44:48,442 | INFO | [Clipart] Epoch 2/5 | Train - Loss: 3.3317, Cls: 3.3210, GRQO: 0.2137, Acc: 0.4177 | Val - Loss: 3.1470, Cls: 3.1395, GRQO: 0.1485, Acc: 0.2910
2025-11-23 18:44:48,508 | INFO | [Clipart] New best val acc: 0.2910
2025-11-23 18:45:05,358 | INFO | [Clipart] Epoch 3/5 | Train - Loss: 2.3294, Cls: 2.3153, GRQO: 0.2821, Acc: 0.5631 | Val - Loss: 2.7571, Cls: 2.7503, GRQO: 0.1347, Acc: 0.3436
2025-11-23 18:45:05,425 | INFO | [Clipart] New best val acc: 0.3436
2025-11-23 18:45:22,357 | INFO | [Clipart] Epoch 4/5 | Train - Loss: 1.5287, Cls: 1.5159, GRQO: 0.2550, Acc: 0.7543 | Val - Loss: 2.5292, Cls: 2.5228, GRQO: 0.1277, Acc: 0.3895
2025-11-23 18:45:22,408 | INFO | [Clipart] New best val acc: 0.3895
2025-11-23 18:45:39,524 | INFO | [Clipart] Epoch 5/5 | Train - Loss: 0.9524, Cls: 0.9407, GRQO: 0.2341, Acc: 0.8854 | Val - Loss: 2.4247, Cls: 2.4194, GRQO: 0.1066, Acc: 0.4009
2025-11-23 18:45:39,607 | INFO | [Clipart] New best val acc: 0.4009
2025-11-23 18:45:39,607 | INFO | [Clipart] Best Acc: 0.4009
2025-11-23 18:45:39,607 | INFO | ------------------------------------------------------------
2025-11-23 18:45:39,723 | INFO | === LODO: Leaving out domain 'Product' ===
2025-11-23 18:45:56,690 | INFO | [Product] Epoch 1/5 | Train - Loss: 4.0989, Cls: 4.0834, GRQO: 0.3115, Acc: 0.0727 | Val - Loss: 3.8900, Cls: 3.8860, GRQO: 0.0810, Acc: 0.2131
2025-11-23 18:45:56,756 | INFO | [Product] New best val acc: 0.2131
2025-11-23 18:46:13,657 | INFO | [Product] Epoch 2/5 | Train - Loss: 3.5802, Cls: 3.5700, GRQO: 0.2042, Acc: 0.3221 | Val - Loss: 3.1003, Cls: 3.0946, GRQO: 0.1138, Acc: 0.3247
2025-11-23 18:46:13,723 | INFO | [Product] New best val acc: 0.3247
2025-11-23 18:46:30,971 | INFO | [Product] Epoch 3/5 | Train - Loss: 2.7075, Cls: 2.6943, GRQO: 0.2629, Acc: 0.4415 | Val - Loss: 2.4253, Cls: 2.4188, GRQO: 0.1311, Acc: 0.3957
2025-11-23 18:46:31,041 | INFO | [Product] New best val acc: 0.3957
2025-11-23 18:46:48,276 | INFO | [Product] Epoch 4/5 | Train - Loss: 1.9084, Cls: 1.8948, GRQO: 0.2728, Acc: 0.6290 | Val - Loss: 2.0137, Cls: 2.0077, GRQO: 0.1184, Acc: 0.4972
2025-11-23 18:46:48,339 | INFO | [Product] New best val acc: 0.4972
2025-11-23 18:47:05,288 | INFO | [Product] Epoch 5/5 | Train - Loss: 1.2652, Cls: 1.2528, GRQO: 0.2476, Acc: 0.8008 | Val - Loss: 1.7038, Cls: 1.6990, GRQO: 0.0958, Acc: 0.5637
2025-11-23 18:47:05,357 | INFO | [Product] New best val acc: 0.5637
2025-11-23 18:47:05,357 | INFO | [Product] Best Acc: 0.5637
2025-11-23 18:47:05,357 | INFO | ------------------------------------------------------------
2025-11-23 18:47:05,455 | INFO | === LODO: Leaving out domain 'Real World' ===
2025-11-23 18:47:22,772 | INFO | [Real World] Epoch 1/5 | Train - Loss: 4.0647, Cls: 4.0485, GRQO: 0.3246, Acc: 0.0633 | Val - Loss: 3.8201, Cls: 3.8165, GRQO: 0.0719, Acc: 0.1734
2025-11-23 18:47:22,851 | INFO | [Real World] New best val acc: 0.1734
2025-11-23 18:47:40,315 | INFO | [Real World] Epoch 2/5 | Train - Loss: 3.5035, Cls: 3.4933, GRQO: 0.2041, Acc: 0.3220 | Val - Loss: 2.9891, Cls: 2.9844, GRQO: 0.0935, Acc: 0.2778
2025-11-23 18:47:40,403 | INFO | [Real World] New best val acc: 0.2778
2025-11-23 18:47:57,521 | INFO | [Real World] Epoch 3/5 | Train - Loss: 2.6303, Cls: 2.6177, GRQO: 0.2514, Acc: 0.4891 | Val - Loss: 2.2909, Cls: 2.2865, GRQO: 0.0873, Acc: 0.4259
2025-11-23 18:47:57,587 | INFO | [Real World] New best val acc: 0.4259
2025-11-23 18:48:14,354 | INFO | [Real World] Epoch 4/5 | Train - Loss: 1.8064, Cls: 1.7941, GRQO: 0.2458, Acc: 0.6806 | Val - Loss: 1.8283, Cls: 1.8240, GRQO: 0.0852, Acc: 0.5281
2025-11-23 18:48:14,420 | INFO | [Real World] New best val acc: 0.5281
2025-11-23 18:48:31,021 | INFO | [Real World] Epoch 5/5 | Train - Loss: 1.1553, Cls: 1.1436, GRQO: 0.2345, Acc: 0.8401 | Val - Loss: 1.5722, Cls: 1.5686, GRQO: 0.0721, Acc: 0.6051
2025-11-23 18:48:31,119 | INFO | [Real World] New best val acc: 0.6051
2025-11-23 18:48:31,120 | INFO | [Real World] Best Acc: 0.6051
2025-11-23 18:48:31,120 | INFO | ------------------------------------------------------------
2025-11-23 18:48:31,120 | INFO | LODO finished | Mean Acc: 0.5141 | Summary saved to ./search_temp\logs\lodo_summary_20251123_184831.json
2025-11-23 18:48:31,253 | INFO | === LODO: Leaving out domain 'Art' ===
2025-11-23 18:48:47,938 | INFO | [Art] Epoch 1/5 | Train - Loss: 3.9754, Cls: 3.9750, GRQO: 0.0079, Acc: 0.1087 | Val - Loss: 3.7117, Cls: 3.7114, GRQO: 0.0074, Acc: 0.2206
2025-11-23 18:48:48,003 | INFO | [Art] New best val acc: 0.2206
2025-11-23 18:49:04,827 | INFO | [Art] Epoch 2/5 | Train - Loss: 2.8858, Cls: 2.8835, GRQO: 0.0468, Acc: 0.4401 | Val - Loss: 2.6813, Cls: 2.6744, GRQO: 0.1381, Acc: 0.3546
2025-11-23 18:49:04,891 | INFO | [Art] New best val acc: 0.3546
2025-11-23 18:49:22,104 | INFO | [Art] Epoch 3/5 | Train - Loss: 1.5101, Cls: 1.5070, GRQO: 0.0611, Acc: 0.6872 | Val - Loss: 2.3434, Cls: 2.3508, GRQO: -0.1480, Acc: 0.4454
2025-11-23 18:49:22,176 | INFO | [Art] New best val acc: 0.4454
2025-11-23 18:49:39,052 | INFO | [Art] Epoch 4/5 | Train - Loss: 0.8334, Cls: 0.8453, GRQO: -0.2384, Acc: 0.8339 | Val - Loss: 2.3570, Cls: 2.3757, GRQO: -0.3752, Acc: 0.4392
2025-11-23 18:49:56,252 | INFO | [Art] Epoch 5/5 | Train - Loss: 0.4836, Cls: 0.5022, GRQO: -0.3730, Acc: 0.9213 | Val - Loss: 2.2212, Cls: 2.2421, GRQO: -0.4174, Acc: 0.4577
2025-11-23 18:49:56,318 | INFO | [Art] New best val acc: 0.4577
2025-11-23 18:49:56,318 | INFO | [Art] Best Acc: 0.4577
2025-11-23 18:49:56,318 | INFO | ------------------------------------------------------------
2025-11-23 18:49:56,418 | INFO | === LODO: Leaving out domain 'Clipart' ===
2025-11-23 18:50:13,117 | INFO | [Clipart] Epoch 1/5 | Train - Loss: 3.9840, Cls: 3.9833, GRQO: 0.0139, Acc: 0.1101 | Val - Loss: 3.8373, Cls: 3.8365, GRQO: 0.0141, Acc: 0.1959
2025-11-23 18:50:13,182 | INFO | [Clipart] New best val acc: 0.1959
2025-11-23 18:50:30,085 | INFO | [Clipart] Epoch 2/5 | Train - Loss: 2.9109, Cls: 2.9065, GRQO: 0.0877, Acc: 0.4735 | Val - Loss: 2.8810, Cls: 2.8747, GRQO: 0.1268, Acc: 0.3127
2025-11-23 18:50:30,135 | INFO | [Clipart] New best val acc: 0.3127
2025-11-23 18:50:46,917 | INFO | [Clipart] Epoch 3/5 | Train - Loss: 1.6231, Cls: 1.6222, GRQO: 0.0195, Acc: 0.6585 | Val - Loss: 2.6120, Cls: 2.6261, GRQO: -0.2828, Acc: 0.3631
2025-11-23 18:50:46,984 | INFO | [Clipart] New best val acc: 0.3631
2025-11-23 18:51:03,582 | INFO | [Clipart] Epoch 4/5 | Train - Loss: 1.0350, Cls: 1.0488, GRQO: -0.2769, Acc: 0.7838 | Val - Loss: 2.5984, Cls: 2.6165, GRQO: -0.3626, Acc: 0.3860
2025-11-23 18:51:03,634 | INFO | [Clipart] New best val acc: 0.3860
2025-11-23 18:51:20,100 | INFO | [Clipart] Epoch 5/5 | Train - Loss: 0.7030, Cls: 0.7219, GRQO: -0.3780, Acc: 0.8676 | Val - Loss: 2.4492, Cls: 2.4700, GRQO: -0.4158, Acc: 0.4066
2025-11-23 18:51:20,166 | INFO | [Clipart] New best val acc: 0.4066
2025-11-23 18:51:20,167 | INFO | [Clipart] Best Acc: 0.4066
2025-11-23 18:51:20,167 | INFO | ------------------------------------------------------------
2025-11-23 18:51:20,276 | INFO | === LODO: Leaving out domain 'Product' ===
2025-11-23 18:51:37,035 | INFO | [Product] Epoch 1/5 | Train - Loss: 4.0045, Cls: 4.0040, GRQO: 0.0101, Acc: 0.1256 | Val - Loss: 3.6941, Cls: 3.6935, GRQO: 0.0109, Acc: 0.2458
2025-11-23 18:51:37,100 | INFO | [Product] New best val acc: 0.2458
2025-11-23 18:51:53,750 | INFO | [Product] Epoch 2/5 | Train - Loss: 3.1307, Cls: 3.1277, GRQO: 0.0593, Acc: 0.3661 | Val - Loss: 2.5405, Cls: 2.5332, GRQO: 0.1465, Acc: 0.4262
2025-11-23 18:51:53,816 | INFO | [Product] New best val acc: 0.4262
2025-11-23 18:52:10,351 | INFO | [Product] Epoch 3/5 | Train - Loss: 1.7877, Cls: 1.7837, GRQO: 0.0802, Acc: 0.5917 | Val - Loss: 1.7935, Cls: 1.8052, GRQO: -0.2341, Acc: 0.5761
2025-11-23 18:52:10,416 | INFO | [Product] New best val acc: 0.5761
2025-11-23 18:52:27,088 | INFO | [Product] Epoch 4/5 | Train - Loss: 1.0147, Cls: 1.0282, GRQO: -0.2693, Acc: 0.7990 | Val - Loss: 1.5539, Cls: 1.5729, GRQO: -0.3793, Acc: 0.6065
2025-11-23 18:52:27,149 | INFO | [Product] New best val acc: 0.6065
2025-11-23 18:52:43,958 | INFO | [Product] Epoch 5/5 | Train - Loss: 0.6248, Cls: 0.6433, GRQO: -0.3700, Acc: 0.8941 | Val - Loss: 1.4286, Cls: 1.4496, GRQO: -0.4192, Acc: 0.6347
2025-11-23 18:52:44,022 | INFO | [Product] New best val acc: 0.6347
2025-11-23 18:52:44,022 | INFO | [Product] Best Acc: 0.6347
2025-11-23 18:52:44,022 | INFO | ------------------------------------------------------------
2025-11-23 18:52:44,134 | INFO | === LODO: Leaving out domain 'Real World' ===
2025-11-23 18:53:00,531 | INFO | [Real World] Epoch 1/5 | Train - Loss: 4.0297, Cls: 4.0292, GRQO: 0.0108, Acc: 0.0842 | Val - Loss: 3.7829, Cls: 3.7824, GRQO: 0.0082, Acc: 0.2032
2025-11-23 18:53:00,600 | INFO | [Real World] New best val acc: 0.2032
2025-11-23 18:53:17,148 | INFO | [Real World] Epoch 2/5 | Train - Loss: 3.2667, Cls: 3.2653, GRQO: 0.0289, Acc: 0.3626 | Val - Loss: 2.7521, Cls: 2.7467, GRQO: 0.1082, Acc: 0.3444
2025-11-23 18:53:17,215 | INFO | [Real World] New best val acc: 0.3444
2025-11-23 18:53:33,983 | INFO | [Real World] Epoch 3/5 | Train - Loss: 1.9998, Cls: 1.9944, GRQO: 0.1088, Acc: 0.5599 | Val - Loss: 1.8339, Cls: 1.8332, GRQO: 0.0150, Acc: 0.5304
2025-11-23 18:53:34,077 | INFO | [Real World] New best val acc: 0.5304
2025-11-23 18:53:50,854 | INFO | [Real World] Epoch 4/5 | Train - Loss: 1.1003, Cls: 1.1074, GRQO: -0.1409, Acc: 0.7808 | Val - Loss: 1.5675, Cls: 1.5846, GRQO: -0.3421, Acc: 0.5947
2025-11-23 18:53:50,914 | INFO | [Real World] New best val acc: 0.5947
2025-11-23 18:54:07,831 | INFO | [Real World] Epoch 5/5 | Train - Loss: 0.6875, Cls: 0.7044, GRQO: -0.3372, Acc: 0.8855 | Val - Loss: 1.5547, Cls: 1.5743, GRQO: -0.3922, Acc: 0.5901
2025-11-23 18:54:07,831 | INFO | [Real World] Best Acc: 0.5947
2025-11-23 18:54:07,831 | INFO | ------------------------------------------------------------
2025-11-23 18:54:07,847 | INFO | LODO finished | Mean Acc: 0.5235 | Summary saved to ./search_temp\logs\lodo_summary_20251123_185407.json
2025-11-23 18:54:07,947 | INFO | === LODO: Leaving out domain 'Art' ===
2025-11-23 18:54:25,314 | INFO | [Art] Epoch 1/5 | Train - Loss: 4.0297, Cls: 4.0248, GRQO: 0.0984, Acc: 0.0882 | Val - Loss: 3.8014, Cls: 3.7994, GRQO: 0.0398, Acc: 0.2062
2025-11-23 18:54:25,384 | INFO | [Art] New best val acc: 0.2062
2025-11-23 18:54:42,647 | INFO | [Art] Epoch 2/5 | Train - Loss: 3.2967, Cls: 3.2933, GRQO: 0.0698, Acc: 0.3542 | Val - Loss: 2.9262, Cls: 2.9226, GRQO: 0.0717, Acc: 0.2969
2025-11-23 18:54:42,729 | INFO | [Art] New best val acc: 0.2969
2025-11-23 18:55:00,098 | INFO | [Art] Epoch 3/5 | Train - Loss: 2.2875, Cls: 2.2824, GRQO: 0.1007, Acc: 0.5344 | Val - Loss: 2.4644, Cls: 2.4577, GRQO: 0.1350, Acc: 0.4062
2025-11-23 18:55:00,179 | INFO | [Art] New best val acc: 0.4062
2025-11-23 18:55:17,544 | INFO | [Art] Epoch 4/5 | Train - Loss: 1.4728, Cls: 1.4666, GRQO: 0.1240, Acc: 0.7412 | Val - Loss: 2.2791, Cls: 2.2674, GRQO: 0.2348, Acc: 0.4186
2025-11-23 18:55:17,612 | INFO | [Art] New best val acc: 0.4186
2025-11-23 18:55:34,995 | INFO | [Art] Epoch 5/5 | Train - Loss: 0.8871, Cls: 0.8790, GRQO: 0.1605, Acc: 0.8795 | Val - Loss: 2.1784, Cls: 2.1606, GRQO: 0.3553, Acc: 0.4722
2025-11-23 18:55:35,045 | INFO | [Art] New best val acc: 0.4722
2025-11-23 18:55:35,045 | INFO | [Art] Best Acc: 0.4722
2025-11-23 18:55:35,045 | INFO | ------------------------------------------------------------
2025-11-23 18:55:35,162 | INFO | === LODO: Leaving out domain 'Clipart' ===
2025-11-23 18:55:52,145 | INFO | [Clipart] Epoch 1/5 | Train - Loss: 4.0282, Cls: 4.0222, GRQO: 0.1191, Acc: 0.1061 | Val - Loss: 3.9098, Cls: 3.9075, GRQO: 0.0460, Acc: 0.1730
2025-11-23 18:55:52,214 | INFO | [Clipart] New best val acc: 0.1730
2025-11-23 18:56:08,995 | INFO | [Clipart] Epoch 2/5 | Train - Loss: 3.3632, Cls: 3.3592, GRQO: 0.0796, Acc: 0.4146 | Val - Loss: 3.2089, Cls: 3.2042, GRQO: 0.0952, Acc: 0.2852
2025-11-23 18:56:09,061 | INFO | [Clipart] New best val acc: 0.2852
2025-11-23 18:56:25,837 | INFO | [Clipart] Epoch 3/5 | Train - Loss: 2.3808, Cls: 2.3746, GRQO: 0.1231, Acc: 0.5827 | Val - Loss: 2.7468, Cls: 2.7392, GRQO: 0.1530, Acc: 0.3688
2025-11-23 18:56:25,894 | INFO | [Clipart] New best val acc: 0.3688
2025-11-23 18:56:42,569 | INFO | [Clipart] Epoch 4/5 | Train - Loss: 1.5632, Cls: 1.5562, GRQO: 0.1401, Acc: 0.7601 | Val - Loss: 2.5333, Cls: 2.5223, GRQO: 0.2195, Acc: 0.3986
2025-11-23 18:56:42,631 | INFO | [Clipart] New best val acc: 0.3986
2025-11-23 18:56:59,511 | INFO | [Clipart] Epoch 5/5 | Train - Loss: 0.9602, Cls: 0.9520, GRQO: 0.1630, Acc: 0.8778 | Val - Loss: 2.4308, Cls: 2.4149, GRQO: 0.3173, Acc: 0.4147
2025-11-23 18:56:59,577 | INFO | [Clipart] New best val acc: 0.4147
2025-11-23 18:56:59,577 | INFO | [Clipart] Best Acc: 0.4147
2025-11-23 18:56:59,577 | INFO | ------------------------------------------------------------
2025-11-23 18:56:59,693 | INFO | === LODO: Leaving out domain 'Product' ===
2025-11-23 18:57:17,014 | INFO | [Product] Epoch 1/5 | Train - Loss: 4.0603, Cls: 4.0569, GRQO: 0.0674, Acc: 0.0974 | Val - Loss: 3.8142, Cls: 3.8131, GRQO: 0.0217, Acc: 0.2255
2025-11-23 18:57:17,093 | INFO | [Product] New best val acc: 0.2255
2025-11-23 18:57:34,160 | INFO | [Product] Epoch 2/5 | Train - Loss: 3.5083, Cls: 3.5055, GRQO: 0.0554, Acc: 0.3244 | Val - Loss: 2.9642, Cls: 2.9617, GRQO: 0.0498, Acc: 0.3123
2025-11-23 18:57:34,234 | INFO | [Product] New best val acc: 0.3123
2025-11-23 18:57:51,409 | INFO | [Product] Epoch 3/5 | Train - Loss: 2.6419, Cls: 2.6378, GRQO: 0.0829, Acc: 0.4693 | Val - Loss: 2.2515, Cls: 2.2479, GRQO: 0.0718, Acc: 0.4690
2025-11-23 18:57:51,508 | INFO | [Product] New best val acc: 0.4690
2025-11-23 18:58:08,859 | INFO | [Product] Epoch 4/5 | Train - Loss: 1.8397, Cls: 1.8348, GRQO: 0.0976, Acc: 0.6402 | Val - Loss: 1.8290, Cls: 1.8242, GRQO: 0.0959, Acc: 0.5648
2025-11-23 18:58:08,944 | INFO | [Product] New best val acc: 0.5648
2025-11-23 18:58:26,126 | INFO | [Product] Epoch 5/5 | Train - Loss: 1.1961, Cls: 1.1907, GRQO: 0.1075, Acc: 0.8300 | Val - Loss: 1.6161, Cls: 1.6098, GRQO: 0.1266, Acc: 0.6020
2025-11-23 18:58:26,192 | INFO | [Product] New best val acc: 0.6020
2025-11-23 18:58:26,192 | INFO | [Product] Best Acc: 0.6020
2025-11-23 18:58:26,192 | INFO | ------------------------------------------------------------
2025-11-23 18:58:26,309 | INFO | === LODO: Leaving out domain 'Real World' ===
2025-11-23 18:58:43,175 | INFO | [Real World] Epoch 1/5 | Train - Loss: 4.0694, Cls: 4.0641, GRQO: 0.1044, Acc: 0.0793 | Val - Loss: 3.8426, Cls: 3.8404, GRQO: 0.0444, Acc: 0.1619
2025-11-23 18:58:43,260 | INFO | [Real World] New best val acc: 0.1619
2025-11-23 18:59:00,371 | INFO | [Real World] Epoch 2/5 | Train - Loss: 3.5604, Cls: 3.5573, GRQO: 0.0636, Acc: 0.3020 | Val - Loss: 3.0135, Cls: 3.0106, GRQO: 0.0575, Acc: 0.3008
2025-11-23 18:59:00,456 | INFO | [Real World] New best val acc: 0.3008
2025-11-23 18:59:17,241 | INFO | [Real World] Epoch 3/5 | Train - Loss: 2.7034, Cls: 2.6981, GRQO: 0.1050, Acc: 0.4548 | Val - Loss: 2.3554, Cls: 2.3497, GRQO: 0.1143, Acc: 0.3766
2025-11-23 18:59:17,307 | INFO | [Real World] New best val acc: 0.3766
2025-11-23 18:59:34,290 | INFO | [Real World] Epoch 4/5 | Train - Loss: 1.9040, Cls: 1.8968, GRQO: 0.1443, Acc: 0.6396 | Val - Loss: 1.8961, Cls: 1.8854, GRQO: 0.2137, Acc: 0.5281
2025-11-23 18:59:34,340 | INFO | [Real World] New best val acc: 0.5281
2025-11-23 18:59:51,375 | INFO | [Real World] Epoch 5/5 | Train - Loss: 1.2514, Cls: 1.2422, GRQO: 0.1843, Acc: 0.8214 | Val - Loss: 1.5975, Cls: 1.5810, GRQO: 0.3286, Acc: 0.5683
2025-11-23 18:59:51,473 | INFO | [Real World] New best val acc: 0.5683
2025-11-23 18:59:51,473 | INFO | [Real World] Best Acc: 0.5683
2025-11-23 18:59:51,473 | INFO | ------------------------------------------------------------
2025-11-23 18:59:51,473 | INFO | LODO finished | Mean Acc: 0.5143 | Summary saved to ./search_temp\logs\lodo_summary_20251123_185951.json
2025-11-23 18:59:51,572 | INFO | === LODO: Leaving out domain 'Art' ===
2025-11-23 19:00:08,856 | INFO | [Art] Epoch 1/5 | Train - Loss: 4.0308, Cls: 4.0250, GRQO: 0.1150, Acc: 0.1159 | Val - Loss: 3.7855, Cls: 3.7843, GRQO: 0.0235, Acc: 0.2330
2025-11-23 19:00:08,919 | INFO | [Art] New best val acc: 0.2330
2025-11-23 19:00:25,904 | INFO | [Art] Epoch 2/5 | Train - Loss: 3.2850, Cls: 3.2805, GRQO: 0.0888, Acc: 0.4067 | Val - Loss: 2.9899, Cls: 2.9861, GRQO: 0.0776, Acc: 0.2990
2025-11-23 19:00:25,956 | INFO | [Art] New best val acc: 0.2990
2025-11-23 19:00:43,191 | INFO | [Art] Epoch 3/5 | Train - Loss: 2.2411, Cls: 2.2343, GRQO: 0.1351, Acc: 0.5409 | Val - Loss: 2.4754, Cls: 2.4697, GRQO: 0.1141, Acc: 0.4000
2025-11-23 19:00:43,278 | INFO | [Art] New best val acc: 0.4000
2025-11-23 19:01:00,355 | INFO | [Art] Epoch 4/5 | Train - Loss: 1.3941, Cls: 1.3869, GRQO: 0.1447, Acc: 0.7548 | Val - Loss: 2.2455, Cls: 2.2388, GRQO: 0.1342, Acc: 0.4639
2025-11-23 19:01:00,439 | INFO | [Art] New best val acc: 0.4639
2025-11-23 19:01:17,555 | INFO | [Art] Epoch 5/5 | Train - Loss: 0.8087, Cls: 0.8015, GRQO: 0.1438, Acc: 0.8955 | Val - Loss: 2.1042, Cls: 2.0971, GRQO: 0.1419, Acc: 0.5072
2025-11-23 19:01:17,624 | INFO | [Art] New best val acc: 0.5072
2025-11-23 19:01:17,624 | INFO | [Art] Best Acc: 0.5072
2025-11-23 19:01:17,624 | INFO | ------------------------------------------------------------
2025-11-23 19:01:17,737 | INFO | === LODO: Leaving out domain 'Clipart' ===
2025-11-23 19:01:34,555 | INFO | [Clipart] Epoch 1/5 | Train - Loss: 4.0333, Cls: 4.0269, GRQO: 0.1262, Acc: 0.0856 | Val - Loss: 3.8939, Cls: 3.8917, GRQO: 0.0436, Acc: 0.1615
2025-11-23 19:01:34,621 | INFO | [Clipart] New best val acc: 0.1615
2025-11-23 19:01:51,388 | INFO | [Clipart] Epoch 2/5 | Train - Loss: 3.3319, Cls: 3.3261, GRQO: 0.1153, Acc: 0.4293 | Val - Loss: 3.1290, Cls: 3.1197, GRQO: 0.1869, Acc: 0.2875
2025-11-23 19:01:51,455 | INFO | [Clipart] New best val acc: 0.2875
2025-11-23 19:02:08,221 | INFO | [Clipart] Epoch 3/5 | Train - Loss: 2.3108, Cls: 2.2990, GRQO: 0.2353, Acc: 0.5774 | Val - Loss: 2.6593, Cls: 2.6416, GRQO: 0.3556, Acc: 0.3471
2025-11-23 19:02:08,286 | INFO | [Clipart] New best val acc: 0.3471
2025-11-23 19:02:25,221 | INFO | [Clipart] Epoch 4/5 | Train - Loss: 1.4956, Cls: 1.4831, GRQO: 0.2502, Acc: 0.7575 | Val - Loss: 2.5225, Cls: 2.4967, GRQO: 0.5174, Acc: 0.3940
2025-11-23 19:02:25,286 | INFO | [Clipart] New best val acc: 0.3940
2025-11-23 19:02:42,065 | INFO | [Clipart] Epoch 5/5 | Train - Loss: 0.9135, Cls: 0.8996, GRQO: 0.2786, Acc: 0.8836 | Val - Loss: 2.4506, Cls: 2.4181, GRQO: 0.6505, Acc: 0.4147
2025-11-23 19:02:42,134 | INFO | [Clipart] New best val acc: 0.4147
2025-11-23 19:02:42,134 | INFO | [Clipart] Best Acc: 0.4147
2025-11-23 19:02:42,134 | INFO | ------------------------------------------------------------
2025-11-23 19:02:42,251 | INFO | === LODO: Leaving out domain 'Product' ===
2025-11-23 19:02:58,881 | INFO | [Product] Epoch 1/5 | Train - Loss: 4.0586, Cls: 4.0529, GRQO: 0.1127, Acc: 0.0709 | Val - Loss: 3.7848, Cls: 3.7833, GRQO: 0.0290, Acc: 0.1635
2025-11-23 19:02:58,937 | INFO | [Product] New best val acc: 0.1635
2025-11-23 19:03:15,937 | INFO | [Product] Epoch 2/5 | Train - Loss: 3.4569, Cls: 3.4524, GRQO: 0.0887, Acc: 0.2979 | Val - Loss: 2.9788, Cls: 2.9762, GRQO: 0.0515, Acc: 0.2525
2025-11-23 19:03:16,003 | INFO | [Product] New best val acc: 0.2525
2025-11-23 19:03:32,619 | INFO | [Product] Epoch 3/5 | Train - Loss: 2.5653, Cls: 2.5591, GRQO: 0.1236, Acc: 0.4720 | Val - Loss: 2.2884, Cls: 2.2846, GRQO: 0.0755, Acc: 0.4419
2025-11-23 19:03:32,688 | INFO | [Product] New best val acc: 0.4419
2025-11-23 19:03:49,486 | INFO | [Product] Epoch 4/5 | Train - Loss: 1.7885, Cls: 1.7817, GRQO: 0.1353, Acc: 0.6721 | Val - Loss: 1.8552, Cls: 1.8506, GRQO: 0.0919, Acc: 0.5400
2025-11-23 19:03:49,552 | INFO | [Product] New best val acc: 0.5400
2025-11-23 19:04:06,052 | INFO | [Product] Epoch 5/5 | Train - Loss: 1.1502, Cls: 1.1431, GRQO: 0.1422, Acc: 0.8457 | Val - Loss: 1.5959, Cls: 1.5883, GRQO: 0.1526, Acc: 0.5930
2025-11-23 19:04:06,120 | INFO | [Product] New best val acc: 0.5930
2025-11-23 19:04:06,120 | INFO | [Product] Best Acc: 0.5930
2025-11-23 19:04:06,120 | INFO | ------------------------------------------------------------
2025-11-23 19:04:06,222 | INFO | === LODO: Leaving out domain 'Real World' ===
2025-11-23 19:04:22,799 | INFO | [Real World] Epoch 1/5 | Train - Loss: 4.0704, Cls: 4.0600, GRQO: 0.2083, Acc: 0.0655 | Val - Loss: 3.8300, Cls: 3.8275, GRQO: 0.0507, Acc: 0.1699
2025-11-23 19:04:22,872 | INFO | [Real World] New best val acc: 0.1699
2025-11-23 19:04:39,400 | INFO | [Real World] Epoch 2/5 | Train - Loss: 3.5232, Cls: 3.5183, GRQO: 0.0969, Acc: 0.3114 | Val - Loss: 2.9765, Cls: 2.9731, GRQO: 0.0671, Acc: 0.2962
2025-11-23 19:04:39,469 | INFO | [Real World] New best val acc: 0.2962
2025-11-23 19:04:56,178 | INFO | [Real World] Epoch 3/5 | Train - Loss: 2.6272, Cls: 2.6203, GRQO: 0.1382, Acc: 0.4846 | Val - Loss: 2.2594, Cls: 2.2539, GRQO: 0.1088, Acc: 0.4501
2025-11-23 19:04:56,235 | INFO | [Real World] New best val acc: 0.4501
2025-11-23 19:05:12,703 | INFO | [Real World] Epoch 4/5 | Train - Loss: 1.7885, Cls: 1.7806, GRQO: 0.1575, Acc: 0.6780 | Val - Loss: 1.8074, Cls: 1.8004, GRQO: 0.1414, Acc: 0.5672
2025-11-23 19:05:12,776 | INFO | [Real World] New best val acc: 0.5672
2025-11-23 19:05:29,817 | INFO | [Real World] Epoch 5/5 | Train - Loss: 1.1159, Cls: 1.1081, GRQO: 0.1563, Acc: 0.8566 | Val - Loss: 1.5447, Cls: 1.5369, GRQO: 0.1570, Acc: 0.6039
2025-11-23 19:05:29,892 | INFO | [Real World] New best val acc: 0.6039
2025-11-23 19:05:29,892 | INFO | [Real World] Best Acc: 0.6039
2025-11-23 19:05:29,892 | INFO | ------------------------------------------------------------
2025-11-23 19:05:29,892 | INFO | LODO finished | Mean Acc: 0.5297 | Summary saved to ./search_temp\logs\lodo_summary_20251123_190529.json
2025-11-24 01:15:55,146 | INFO | === LODO: Leaving out domain 'Art' ===
2025-11-24 01:16:11,248 | INFO | [Art] Epoch 1/5 | Train - Loss: 3.8588, Cls: 3.8587, GRQO: 0.0023, Acc: 0.1672 | Val - Loss: 3.4274, Cls: 3.4276, GRQO: -0.0022, Acc: 0.2268
2025-11-24 01:16:11,313 | INFO | [Art] New best val acc: 0.2268
2025-11-24 01:16:27,219 | INFO | [Art] Epoch 2/5 | Train - Loss: 2.4395, Cls: 2.4336, GRQO: 0.1188, Acc: 0.5124 | Val - Loss: 2.4000, Cls: 2.4479, GRQO: -0.9570, Acc: 0.4165
2025-11-24 01:16:27,290 | INFO | [Art] New best val acc: 0.4165
2025-11-24 01:16:43,318 | INFO | [Art] Epoch 3/5 | Train - Loss: 0.6942, Cls: 1.0507, GRQO: -7.1305, Acc: 0.7921 | Val - Loss: 1.1034, Cls: 2.1467, GRQO: -20.8659, Acc: 0.4639
2025-11-24 01:16:43,382 | INFO | [Art] New best val acc: 0.4639
2025-11-24 01:16:59,303 | INFO | [Art] Epoch 4/5 | Train - Loss: -0.6338, Cls: 0.4522, GRQO: -21.7197, Acc: 0.9399 | Val - Loss: 0.9202, Cls: 2.1244, GRQO: -24.0856, Acc: 0.4845
2025-11-24 01:16:59,352 | INFO | [Art] New best val acc: 0.4845
2025-11-24 01:17:15,386 | INFO | [Art] Epoch 5/5 | Train - Loss: -0.9786, Cls: 0.2275, GRQO: -24.1214, Acc: 0.9791 | Val - Loss: 0.9399, Cls: 2.1604, GRQO: -24.4101, Acc: 0.4784
2025-11-24 01:17:15,386 | INFO | [Art] Best Acc: 0.4845
2025-11-24 01:17:15,386 | INFO | ------------------------------------------------------------
2025-11-24 01:17:15,484 | INFO | === LODO: Leaving out domain 'Clipart' ===
2025-11-24 01:17:31,238 | INFO | [Clipart] Epoch 1/5 | Train - Loss: 3.9362, Cls: 3.9362, GRQO: 0.0004, Acc: 0.1373 | Val - Loss: 3.7389, Cls: 3.7394, GRQO: -0.0086, Acc: 0.2222
2025-11-24 01:17:31,304 | INFO | [Clipart] New best val acc: 0.2222
2025-11-24 01:17:47,086 | INFO | [Clipart] Epoch 2/5 | Train - Loss: 2.7777, Cls: 2.7768, GRQO: 0.0183, Acc: 0.5176 | Val - Loss: 2.9447, Cls: 2.9337, GRQO: 0.2199, Acc: 0.3093
2025-11-24 01:17:47,160 | INFO | [Clipart] New best val acc: 0.3093
2025-11-24 01:18:03,068 | INFO | [Clipart] Epoch 3/5 | Train - Loss: 1.3783, Cls: 1.3809, GRQO: -0.0514, Acc: 0.7543 | Val - Loss: 2.3877, Cls: 2.6660, GRQO: -5.5646, Acc: 0.3540
2025-11-24 01:18:03,129 | INFO | [Clipart] New best val acc: 0.3540
2025-11-24 01:18:18,833 | INFO | [Clipart] Epoch 4/5 | Train - Loss: 0.2186, Cls: 0.5263, GRQO: -6.1541, Acc: 0.9313 | Val - Loss: 1.4497, Cls: 2.5982, GRQO: -22.9708, Acc: 0.3769
2025-11-24 01:18:18,902 | INFO | [Clipart] New best val acc: 0.3769
2025-11-24 01:18:34,600 | INFO | [Clipart] Epoch 5/5 | Train - Loss: -0.7960, Cls: 0.2233, GRQO: -20.3879, Acc: 0.9853 | Val - Loss: 1.3795, Cls: 2.6008, GRQO: -24.4257, Acc: 0.3849
2025-11-24 01:18:34,666 | INFO | [Clipart] New best val acc: 0.3849
2025-11-24 01:18:34,666 | INFO | [Clipart] Best Acc: 0.3849
2025-11-24 01:18:34,666 | INFO | ------------------------------------------------------------
2025-11-24 01:18:34,767 | INFO | === LODO: Leaving out domain 'Product' ===
2025-11-24 01:18:50,683 | INFO | [Product] Epoch 1/5 | Train - Loss: 3.9197, Cls: 3.9198, GRQO: -0.0020, Acc: 0.1418 | Val - Loss: 3.5311, Cls: 3.5316, GRQO: -0.0100, Acc: 0.2356
2025-11-24 01:18:50,750 | INFO | [Product] New best val acc: 0.2356
2025-11-24 01:19:06,432 | INFO | [Product] Epoch 2/5 | Train - Loss: 2.8620, Cls: 2.8613, GRQO: 0.0128, Acc: 0.4311 | Val - Loss: 2.6253, Cls: 2.6213, GRQO: 0.0801, Acc: 0.3732
2025-11-24 01:19:06,503 | INFO | [Product] New best val acc: 0.3732
2025-11-24 01:19:22,182 | INFO | [Product] Epoch 3/5 | Train - Loss: 1.6066, Cls: 1.6070, GRQO: -0.0084, Acc: 0.6945 | Val - Loss: 1.7547, Cls: 1.8752, GRQO: -2.4086, Acc: 0.5130
2025-11-24 01:19:22,251 | INFO | [Product] New best val acc: 0.5130
2025-11-24 01:19:37,982 | INFO | [Product] Epoch 4/5 | Train - Loss: 0.5702, Cls: 0.7305, GRQO: -3.2053, Acc: 0.8901 | Val - Loss: 1.1306, Cls: 1.6493, GRQO: -10.3727, Acc: 0.5445
2025-11-24 01:19:38,048 | INFO | [Product] New best val acc: 0.5445
2025-11-24 01:19:53,665 | INFO | [Product] Epoch 5/5 | Train - Loss: -0.2590, Cls: 0.3477, GRQO: -12.1338, Acc: 0.9641 | Val - Loss: 0.5349, Cls: 1.6500, GRQO: -22.3031, Acc: 0.5727
2025-11-24 01:19:53,732 | INFO | [Product] New best val acc: 0.5727
2025-11-24 01:19:53,732 | INFO | [Product] Best Acc: 0.5727
2025-11-24 01:19:53,732 | INFO | ------------------------------------------------------------
2025-11-24 01:19:53,849 | INFO | === LODO: Leaving out domain 'Real World' ===
2025-11-24 01:20:10,615 | INFO | [Real World] Epoch 1/5 | Train - Loss: 3.9384, Cls: 3.9385, GRQO: -0.0021, Acc: 0.1140 | Val - Loss: 3.5006, Cls: 3.5008, GRQO: -0.0047, Acc: 0.2434
2025-11-24 01:20:10,694 | INFO | [Real World] New best val acc: 0.2434
2025-11-24 01:20:27,400 | INFO | [Real World] Epoch 2/5 | Train - Loss: 2.8825, Cls: 2.8817, GRQO: 0.0162, Acc: 0.4365 | Val - Loss: 2.4005, Cls: 2.3968, GRQO: 0.0744, Acc: 0.4524
2025-11-24 01:20:27,481 | INFO | [Real World] New best val acc: 0.4524
2025-11-24 01:20:44,850 | INFO | [Real World] Epoch 3/5 | Train - Loss: 1.5982, Cls: 1.5917, GRQO: 0.1297, Acc: 0.7047 | Val - Loss: 1.6346, Cls: 1.6862, GRQO: -1.0309, Acc: 0.5603
2025-11-24 01:20:44,945 | INFO | [Real World] New best val acc: 0.5603
2025-11-24 01:21:02,164 | INFO | [Real World] Epoch 4/5 | Train - Loss: 0.5645, Cls: 0.6777, GRQO: -2.2640, Acc: 0.8993 | Val - Loss: 0.9520, Cls: 1.5353, GRQO: -11.6660, Acc: 0.5982
2025-11-24 01:21:02,245 | INFO | [Real World] New best val acc: 0.5982
2025-11-24 01:21:19,447 | INFO | [Real World] Epoch 5/5 | Train - Loss: -0.3663, Cls: 0.3252, GRQO: -13.8284, Acc: 0.9670 | Val - Loss: 0.3095, Cls: 1.4818, GRQO: -23.4456, Acc: 0.6315
2025-11-24 01:21:19,514 | INFO | [Real World] New best val acc: 0.6315
2025-11-24 01:21:19,514 | INFO | [Real World] Best Acc: 0.6315
2025-11-24 01:21:19,514 | INFO | ------------------------------------------------------------
2025-11-24 01:21:19,514 | INFO | LODO finished | Mean Acc: 0.5184 | Summary saved to ./search_temp\logs\lodo_summary_20251124_012119.json
2025-11-24 01:21:19,630 | INFO | === LODO: Leaving out domain 'Art' ===
2025-11-24 01:21:36,164 | INFO | [Art] Epoch 1/5 | Train - Loss: 3.8705, Cls: 3.8696, GRQO: 0.0083, Acc: 0.1570 | Val - Loss: 3.4409, Cls: 3.4403, GRQO: 0.0066, Acc: 0.2639
2025-11-24 01:21:36,230 | INFO | [Art] New best val acc: 0.2639
2025-11-24 01:21:52,713 | INFO | [Art] Epoch 2/5 | Train - Loss: 2.5459, Cls: 2.5447, GRQO: 0.0119, Acc: 0.5006 | Val - Loss: 2.6184, Cls: 2.6160, GRQO: 0.0243, Acc: 0.3711
2025-11-24 01:21:52,780 | INFO | [Art] New best val acc: 0.3711
2025-11-24 01:22:08,932 | INFO | [Art] Epoch 3/5 | Train - Loss: 1.2898, Cls: 1.2840, GRQO: 0.0577, Acc: 0.7674 | Val - Loss: 2.3031, Cls: 2.2912, GRQO: 0.1186, Acc: 0.4392
2025-11-24 01:22:08,997 | INFO | [Art] New best val acc: 0.4392
2025-11-24 01:22:25,095 | INFO | [Art] Epoch 4/5 | Train - Loss: 0.4869, Cls: 0.4777, GRQO: 0.0920, Acc: 0.9377 | Val - Loss: 2.1340, Cls: 2.1371, GRQO: -0.0305, Acc: 0.4639
2025-11-24 01:22:25,147 | INFO | [Art] New best val acc: 0.4639
2025-11-24 01:22:41,461 | INFO | [Art] Epoch 5/5 | Train - Loss: 0.1879, Cls: 0.1892, GRQO: -0.0132, Acc: 0.9852 | Val - Loss: 2.1129, Cls: 2.1261, GRQO: -0.1325, Acc: 0.4866
2025-11-24 01:22:41,513 | INFO | [Art] New best val acc: 0.4866
2025-11-24 01:22:41,528 | INFO | [Art] Best Acc: 0.4866
2025-11-24 01:22:41,528 | INFO | ------------------------------------------------------------
2025-11-24 01:22:41,631 | INFO | === LODO: Leaving out domain 'Clipart' ===
2025-11-24 01:22:57,882 | INFO | [Clipart] Epoch 1/5 | Train - Loss: 3.9153, Cls: 3.9143, GRQO: 0.0096, Acc: 0.1587 | Val - Loss: 3.6538, Cls: 3.6529, GRQO: 0.0088, Acc: 0.2348
2025-11-24 01:22:57,947 | INFO | [Clipart] New best val acc: 0.2348
2025-11-24 01:23:14,094 | INFO | [Clipart] Epoch 2/5 | Train - Loss: 2.7224, Cls: 2.7206, GRQO: 0.0185, Acc: 0.5270 | Val - Loss: 2.9173, Cls: 2.9125, GRQO: 0.0479, Acc: 0.3081
2025-11-24 01:23:14,180 | INFO | [Clipart] New best val acc: 0.3081
2025-11-24 01:23:30,547 | INFO | [Clipart] Epoch 3/5 | Train - Loss: 1.4309, Cls: 1.4224, GRQO: 0.0849, Acc: 0.7343 | Val - Loss: 2.6532, Cls: 2.6404, GRQO: 0.1283, Acc: 0.3608
2025-11-24 01:23:30,612 | INFO | [Clipart] New best val acc: 0.3608
2025-11-24 01:23:46,944 | INFO | [Clipart] Epoch 4/5 | Train - Loss: 0.5551, Cls: 0.5463, GRQO: 0.0885, Acc: 0.9166 | Val - Loss: 2.5508, Cls: 2.5517, GRQO: -0.0090, Acc: 0.4078
2025-11-24 01:23:47,014 | INFO | [Clipart] New best val acc: 0.4078
2025-11-24 01:24:03,080 | INFO | [Clipart] Epoch 5/5 | Train - Loss: 0.2317, Cls: 0.2334, GRQO: -0.0169, Acc: 0.9848 | Val - Loss: 2.5610, Cls: 2.5848, GRQO: -0.2383, Acc: 0.4009
2025-11-24 01:24:03,080 | INFO | [Clipart] Best Acc: 0.4078
2025-11-24 01:24:03,080 | INFO | ------------------------------------------------------------
2025-11-24 01:24:03,200 | INFO | === LODO: Leaving out domain 'Product' ===
2025-11-24 01:24:19,611 | INFO | [Product] Epoch 1/5 | Train - Loss: 3.9491, Cls: 3.9482, GRQO: 0.0091, Acc: 0.1319 | Val - Loss: 3.5450, Cls: 3.5440, GRQO: 0.0100, Acc: 0.2762
2025-11-24 01:24:19,661 | INFO | [Product] New best val acc: 0.2762
2025-11-24 01:24:36,277 | INFO | [Product] Epoch 2/5 | Train - Loss: 2.8042, Cls: 2.7983, GRQO: 0.0585, Acc: 0.4482 | Val - Loss: 2.3975, Cls: 2.3834, GRQO: 0.1407, Acc: 0.3980
2025-11-24 01:24:36,328 | INFO | [Product] New best val acc: 0.3980
2025-11-24 01:24:52,732 | INFO | [Product] Epoch 3/5 | Train - Loss: 1.4813, Cls: 1.4723, GRQO: 0.0907, Acc: 0.6913 | Val - Loss: 1.8149, Cls: 1.8312, GRQO: -0.1626, Acc: 0.5299
2025-11-24 01:24:52,798 | INFO | [Product] New best val acc: 0.5299
2025-11-24 01:25:09,093 | INFO | [Product] Epoch 4/5 | Train - Loss: 0.6885, Cls: 0.7082, GRQO: -0.1966, Acc: 0.8923 | Val - Loss: 1.6321, Cls: 1.6699, GRQO: -0.3785, Acc: 0.5547
2025-11-24 01:25:09,160 | INFO | [Product] New best val acc: 0.5547
2025-11-24 01:25:25,409 | INFO | [Product] Epoch 5/5 | Train - Loss: 0.3329, Cls: 0.3684, GRQO: -0.3553, Acc: 0.9619 | Val - Loss: 1.5297, Cls: 1.5709, GRQO: -0.4120, Acc: 0.5784
2025-11-24 01:25:25,476 | INFO | [Product] New best val acc: 0.5784
2025-11-24 01:25:25,476 | INFO | [Product] Best Acc: 0.5784
2025-11-24 01:25:25,476 | INFO | ------------------------------------------------------------
2025-11-24 01:25:25,593 | INFO | === LODO: Leaving out domain 'Real World' ===
2025-11-24 01:25:42,743 | INFO | [Real World] Epoch 1/5 | Train - Loss: 3.9398, Cls: 3.9390, GRQO: 0.0077, Acc: 0.1283 | Val - Loss: 3.4602, Cls: 3.4594, GRQO: 0.0080, Acc: 0.3111
2025-11-24 01:25:42,808 | INFO | [Real World] New best val acc: 0.3111
2025-11-24 01:26:00,277 | INFO | [Real World] Epoch 2/5 | Train - Loss: 2.8627, Cls: 2.8607, GRQO: 0.0204, Acc: 0.4748 | Val - Loss: 2.4053, Cls: 2.4006, GRQO: 0.0469, Acc: 0.4271
2025-11-24 01:26:00,364 | INFO | [Real World] New best val acc: 0.4271
2025-11-24 01:26:17,108 | INFO | [Real World] Epoch 3/5 | Train - Loss: 1.5656, Cls: 1.5548, GRQO: 0.1080, Acc: 0.7047 | Val - Loss: 1.6788, Cls: 1.6681, GRQO: 0.1075, Acc: 0.5580
2025-11-24 01:26:17,159 | INFO | [Real World] New best val acc: 0.5580
2025-11-24 01:26:34,424 | INFO | [Real World] Epoch 4/5 | Train - Loss: 0.6522, Cls: 0.6507, GRQO: 0.0151, Acc: 0.9011 | Val - Loss: 1.4968, Cls: 1.5212, GRQO: -0.2448, Acc: 0.6211
2025-11-24 01:26:34,475 | INFO | [Real World] New best val acc: 0.6211
2025-11-24 01:26:51,874 | INFO | [Real World] Epoch 5/5 | Train - Loss: 0.2608, Cls: 0.2839, GRQO: -0.2310, Acc: 0.9710 | Val - Loss: 1.4445, Cls: 1.4823, GRQO: -0.3775, Acc: 0.6372
2025-11-24 01:26:51,953 | INFO | [Real World] New best val acc: 0.6372
2025-11-24 01:26:51,954 | INFO | [Real World] Best Acc: 0.6372
2025-11-24 01:26:51,954 | INFO | ------------------------------------------------------------
2025-11-24 01:26:51,957 | INFO | LODO finished | Mean Acc: 0.5275 | Summary saved to ./search_temp\logs\lodo_summary_20251124_012651.json
2025-11-24 01:26:52,094 | INFO | === LODO: Leaving out domain 'Art' ===
2025-11-24 01:27:08,757 | INFO | [Art] Epoch 1/5 | Train - Loss: 4.0564, Cls: 4.0211, GRQO: 0.0706, Acc: 0.1102 | Val - Loss: 3.8087, Cls: 3.8064, GRQO: 0.0046, Acc: 0.2062
2025-11-24 01:27:08,826 | INFO | [Art] New best val acc: 0.2062
2025-11-24 01:27:25,306 | INFO | [Art] Epoch 2/5 | Train - Loss: 3.2815, Cls: 3.2634, GRQO: 0.0363, Acc: 0.3839 | Val - Loss: 2.9469, Cls: 2.9453, GRQO: 0.0032, Acc: 0.2866
2025-11-24 01:27:25,379 | INFO | [Art] New best val acc: 0.2866
2025-11-24 01:27:41,608 | INFO | [Art] Epoch 3/5 | Train - Loss: 2.2712, Cls: 2.2528, GRQO: 0.0368, Acc: 0.5439 | Val - Loss: 2.4517, Cls: 2.4512, GRQO: 0.0010, Acc: 0.4103
2025-11-24 01:27:41,674 | INFO | [Art] New best val acc: 0.4103
2025-11-24 01:27:57,856 | INFO | [Art] Epoch 4/5 | Train - Loss: 1.4720, Cls: 1.4546, GRQO: 0.0347, Acc: 0.7366 | Val - Loss: 2.2430, Cls: 2.2431, GRQO: -0.0001, Acc: 0.4557
2025-11-24 01:27:57,923 | INFO | [Art] New best val acc: 0.4557
2025-11-24 01:28:14,206 | INFO | [Art] Epoch 5/5 | Train - Loss: 0.9023, Cls: 0.8865, GRQO: 0.0315, Acc: 0.8784 | Val - Loss: 2.0294, Cls: 2.0298, GRQO: -0.0009, Acc: 0.5113
2025-11-24 01:28:14,258 | INFO | [Art] New best val acc: 0.5113
2025-11-24 01:28:14,258 | INFO | [Art] Best Acc: 0.5113
2025-11-24 01:28:14,258 | INFO | ------------------------------------------------------------
2025-11-24 01:28:14,374 | INFO | === LODO: Leaving out domain 'Clipart' ===
2025-11-24 01:28:30,439 | INFO | [Clipart] Epoch 1/5 | Train - Loss: 4.0730, Cls: 4.0403, GRQO: 0.0654, Acc: 0.1021 | Val - Loss: 3.9153, Cls: 3.9125, GRQO: 0.0057, Acc: 0.1787
2025-11-24 01:28:30,524 | INFO | [Clipart] New best val acc: 0.1787
2025-11-24 01:28:46,689 | INFO | [Clipart] Epoch 2/5 | Train - Loss: 3.4177, Cls: 3.3998, GRQO: 0.0358, Acc: 0.4097 | Val - Loss: 3.2540, Cls: 3.2498, GRQO: 0.0084, Acc: 0.2784
2025-11-24 01:28:46,756 | INFO | [Clipart] New best val acc: 0.2784
2025-11-24 01:29:02,826 | INFO | [Clipart] Epoch 3/5 | Train - Loss: 2.4178, Cls: 2.3970, GRQO: 0.0416, Acc: 0.5858 | Val - Loss: 2.8277, Cls: 2.8255, GRQO: 0.0044, Acc: 0.3116
2025-11-24 01:29:02,890 | INFO | [Clipart] New best val acc: 0.3116
2025-11-24 01:29:18,938 | INFO | [Clipart] Epoch 4/5 | Train - Loss: 1.5729, Cls: 1.5538, GRQO: 0.0382, Acc: 0.7463 | Val - Loss: 2.6240, Cls: 2.6225, GRQO: 0.0029, Acc: 0.3574
2025-11-24 01:29:18,990 | INFO | [Clipart] New best val acc: 0.3574
2025-11-24 01:29:35,070 | INFO | [Clipart] Epoch 5/5 | Train - Loss: 0.9644, Cls: 0.9469, GRQO: 0.0350, Acc: 0.8885 | Val - Loss: 2.4933, Cls: 2.4925, GRQO: 0.0016, Acc: 0.3929
2025-11-24 01:29:35,139 | INFO | [Clipart] New best val acc: 0.3929
2025-11-24 01:29:35,139 | INFO | [Clipart] Best Acc: 0.3929
2025-11-24 01:29:35,139 | INFO | ------------------------------------------------------------
2025-11-24 01:29:35,254 | INFO | === LODO: Leaving out domain 'Product' ===
2025-11-24 01:29:51,506 | INFO | [Product] Epoch 1/5 | Train - Loss: 4.0957, Cls: 4.0614, GRQO: 0.0687, Acc: 0.0704 | Val - Loss: 3.8679, Cls: 3.8649, GRQO: 0.0060, Acc: 0.1409
2025-11-24 01:29:51,572 | INFO | [Product] New best val acc: 0.1409
2025-11-24 01:30:07,531 | INFO | [Product] Epoch 2/5 | Train - Loss: 3.5531, Cls: 3.5350, GRQO: 0.0362, Acc: 0.2669 | Val - Loss: 3.1773, Cls: 3.1747, GRQO: 0.0052, Acc: 0.2379
2025-11-24 01:30:07,597 | INFO | [Product] New best val acc: 0.2379
2025-11-24 01:30:23,675 | INFO | [Product] Epoch 3/5 | Train - Loss: 2.7503, Cls: 2.7312, GRQO: 0.0382, Acc: 0.4047 | Val - Loss: 2.4972, Cls: 2.4963, GRQO: 0.0019, Acc: 0.3799
2025-11-24 01:30:23,739 | INFO | [Product] New best val acc: 0.3799
2025-11-24 01:30:39,937 | INFO | [Product] Epoch 4/5 | Train - Loss: 1.9655, Cls: 1.9463, GRQO: 0.0385, Acc: 0.6321 | Val - Loss: 2.0441, Cls: 2.0438, GRQO: 0.0007, Acc: 0.4814
2025-11-24 01:30:40,012 | INFO | [Product] New best val acc: 0.4814
2025-11-24 01:30:56,053 | INFO | [Product] Epoch 5/5 | Train - Loss: 1.2968, Cls: 1.2790, GRQO: 0.0356, Acc: 0.7891 | Val - Loss: 1.7843, Cls: 1.7846, GRQO: -0.0005, Acc: 0.5310
2025-11-24 01:30:56,130 | INFO | [Product] New best val acc: 0.5310
2025-11-24 01:30:56,131 | INFO | [Product] Best Acc: 0.5310
2025-11-24 01:30:56,132 | INFO | ------------------------------------------------------------
2025-11-24 01:30:56,236 | INFO | === LODO: Leaving out domain 'Real World' ===
2025-11-24 01:31:13,305 | INFO | [Real World] Epoch 1/5 | Train - Loss: 4.0943, Cls: 4.0559, GRQO: 0.0770, Acc: 0.0735 | Val - Loss: 3.8533, Cls: 3.8492, GRQO: 0.0081, Acc: 0.1343
2025-11-24 01:31:13,370 | INFO | [Real World] New best val acc: 0.1343
2025-11-24 01:31:30,269 | INFO | [Real World] Epoch 2/5 | Train - Loss: 3.5639, Cls: 3.5456, GRQO: 0.0367, Acc: 0.2606 | Val - Loss: 3.0533, Cls: 3.0507, GRQO: 0.0051, Acc: 0.3249
2025-11-24 01:31:30,365 | INFO | [Real World] New best val acc: 0.3249
2025-11-24 01:31:47,726 | INFO | [Real World] Epoch 3/5 | Train - Loss: 2.7317, Cls: 2.7120, GRQO: 0.0394, Acc: 0.4762 | Val - Loss: 2.3130, Cls: 2.3124, GRQO: 0.0013, Acc: 0.4328
2025-11-24 01:31:47,800 | INFO | [Real World] New best val acc: 0.4328
2025-11-24 01:32:04,934 | INFO | [Real World] Epoch 4/5 | Train - Loss: 1.8965, Cls: 1.8775, GRQO: 0.0380, Acc: 0.6695 | Val - Loss: 1.8616, Cls: 1.8614, GRQO: 0.0004, Acc: 0.5373
2025-11-24 01:32:05,001 | INFO | [Real World] New best val acc: 0.5373
2025-11-24 01:32:21,690 | INFO | [Real World] Epoch 5/5 | Train - Loss: 1.2174, Cls: 1.1998, GRQO: 0.0352, Acc: 0.8419 | Val - Loss: 1.6135, Cls: 1.6140, GRQO: -0.0010, Acc: 0.5798
2025-11-24 01:32:21,760 | INFO | [Real World] New best val acc: 0.5798
2025-11-24 01:32:21,760 | INFO | [Real World] Best Acc: 0.5798
2025-11-24 01:32:21,760 | INFO | ------------------------------------------------------------
2025-11-24 01:32:21,760 | INFO | LODO finished | Mean Acc: 0.5038 | Summary saved to ./search_temp\logs\lodo_summary_20251124_013221.json
2025-11-24 01:32:21,867 | INFO | === LODO: Leaving out domain 'Art' ===
2025-11-24 01:32:38,519 | INFO | [Art] Epoch 1/5 | Train - Loss: 3.9324, Cls: 3.9311, GRQO: 0.0128, Acc: 0.1520 | Val - Loss: 3.5100, Cls: 3.5089, GRQO: 0.0109, Acc: 0.2639
2025-11-24 01:32:38,591 | INFO | [Art] New best val acc: 0.2639
2025-11-24 01:32:54,933 | INFO | [Art] Epoch 2/5 | Train - Loss: 2.8453, Cls: 2.8428, GRQO: 0.0249, Acc: 0.4721 | Val - Loss: 2.5805, Cls: 2.5725, GRQO: 0.0798, Acc: 0.3670
2025-11-24 01:32:54,985 | INFO | [Art] New best val acc: 0.3670
2025-11-24 01:33:11,304 | INFO | [Art] Epoch 3/5 | Train - Loss: 1.6912, Cls: 1.6839, GRQO: 0.0735, Acc: 0.6792 | Val - Loss: 2.3590, Cls: 2.3485, GRQO: 0.1048, Acc: 0.4082
2025-11-24 01:33:11,368 | INFO | [Art] New best val acc: 0.4082
2025-11-24 01:33:27,716 | INFO | [Art] Epoch 4/5 | Train - Loss: 0.9090, Cls: 0.9022, GRQO: 0.0674, Acc: 0.8575 | Val - Loss: 2.0353, Cls: 2.0564, GRQO: -0.2108, Acc: 0.5052
2025-11-24 01:33:27,788 | INFO | [Art] New best val acc: 0.5052
2025-11-24 01:33:44,315 | INFO | [Art] Epoch 5/5 | Train - Loss: 0.4688, Cls: 0.4754, GRQO: -0.0660, Acc: 0.9494 | Val - Loss: 2.0023, Cls: 2.0399, GRQO: -0.3759, Acc: 0.5113
2025-11-24 01:33:44,384 | INFO | [Art] New best val acc: 0.5113
2025-11-24 01:33:44,384 | INFO | [Art] Best Acc: 0.5113
2025-11-24 01:33:44,384 | INFO | ------------------------------------------------------------
2025-11-24 01:33:44,499 | INFO | === LODO: Leaving out domain 'Clipart' ===
2025-11-24 01:34:00,866 | INFO | [Clipart] Epoch 1/5 | Train - Loss: 3.9685, Cls: 3.9673, GRQO: 0.0128, Acc: 0.1302 | Val - Loss: 3.7387, Cls: 3.7374, GRQO: 0.0127, Acc: 0.2314
2025-11-24 01:34:00,917 | INFO | [Clipart] New best val acc: 0.2314
2025-11-24 01:34:17,099 | INFO | [Clipart] Epoch 2/5 | Train - Loss: 3.0080, Cls: 3.0059, GRQO: 0.0211, Acc: 0.4993 | Val - Loss: 3.0147, Cls: 3.0087, GRQO: 0.0602, Acc: 0.2841
2025-11-24 01:34:17,166 | INFO | [Clipart] New best val acc: 0.2841
2025-11-24 01:34:33,502 | INFO | [Clipart] Epoch 3/5 | Train - Loss: 1.8486, Cls: 1.8418, GRQO: 0.0686, Acc: 0.7031 | Val - Loss: 2.6379, Cls: 2.6237, GRQO: 0.1427, Acc: 0.3711
2025-11-24 01:34:33,566 | INFO | [Clipart] New best val acc: 0.3711
2025-11-24 01:34:49,848 | INFO | [Clipart] Epoch 4/5 | Train - Loss: 0.9785, Cls: 0.9695, GRQO: 0.0896, Acc: 0.8716 | Val - Loss: 2.5352, Cls: 2.5338, GRQO: 0.0138, Acc: 0.3906
2025-11-24 01:34:49,917 | INFO | [Clipart] New best val acc: 0.3906
2025-11-24 01:35:06,198 | INFO | [Clipart] Epoch 5/5 | Train - Loss: 0.4805, Cls: 0.4758, GRQO: 0.0477, Acc: 0.9608 | Val - Loss: 2.5439, Cls: 2.5728, GRQO: -0.2892, Acc: 0.3883
2025-11-24 01:35:06,198 | INFO | [Clipart] Best Acc: 0.3906
2025-11-24 01:35:06,198 | INFO | ------------------------------------------------------------
2025-11-24 01:35:06,297 | INFO | === LODO: Leaving out domain 'Product' ===
2025-11-24 01:35:22,381 | INFO | [Product] Epoch 1/5 | Train - Loss: 3.9867, Cls: 3.9855, GRQO: 0.0120, Acc: 0.1382 | Val - Loss: 3.6014, Cls: 3.6003, GRQO: 0.0108, Acc: 0.2345
2025-11-24 01:35:22,449 | INFO | [Product] New best val acc: 0.2345
2025-11-24 01:35:38,568 | INFO | [Product] Epoch 2/5 | Train - Loss: 3.1271, Cls: 3.1257, GRQO: 0.0142, Acc: 0.3997 | Val - Loss: 2.6772, Cls: 2.6743, GRQO: 0.0287, Acc: 0.3709
2025-11-24 01:35:38,631 | INFO | [Product] New best val acc: 0.3709
2025-11-24 01:35:54,830 | INFO | [Product] Epoch 3/5 | Train - Loss: 2.1077, Cls: 2.1035, GRQO: 0.0424, Acc: 0.5819 | Val - Loss: 2.0664, Cls: 2.0561, GRQO: 0.1036, Acc: 0.4690
2025-11-24 01:35:54,897 | INFO | [Product] New best val acc: 0.4690
2025-11-24 01:36:11,314 | INFO | [Product] Epoch 4/5 | Train - Loss: 1.2713, Cls: 1.2637, GRQO: 0.0756, Acc: 0.7896 | Val - Loss: 1.7433, Cls: 1.7346, GRQO: 0.0875, Acc: 0.5355
2025-11-24 01:36:11,365 | INFO | [Product] New best val acc: 0.5355
2025-11-24 01:36:27,713 | INFO | [Product] Epoch 5/5 | Train - Loss: 0.6896, Cls: 0.6837, GRQO: 0.0591, Acc: 0.9228 | Val - Loss: 1.6566, Cls: 1.6631, GRQO: -0.0646, Acc: 0.5682
2025-11-24 01:36:27,793 | INFO | [Product] New best val acc: 0.5682
2025-11-24 01:36:27,794 | INFO | [Product] Best Acc: 0.5682
2025-11-24 01:36:27,795 | INFO | ------------------------------------------------------------
2025-11-24 01:36:27,905 | INFO | === LODO: Leaving out domain 'Real World' ===
2025-11-24 01:36:45,231 | INFO | [Real World] Epoch 1/5 | Train - Loss: 3.9935, Cls: 3.9922, GRQO: 0.0128, Acc: 0.0886 | Val - Loss: 3.5739, Cls: 3.5729, GRQO: 0.0098, Acc: 0.2859
2025-11-24 01:36:45,304 | INFO | [Real World] New best val acc: 0.2859
2025-11-24 01:37:02,886 | INFO | [Real World] Epoch 2/5 | Train - Loss: 3.1693, Cls: 3.1679, GRQO: 0.0141, Acc: 0.3768 | Val - Loss: 2.5651, Cls: 2.5630, GRQO: 0.0208, Acc: 0.4099
2025-11-24 01:37:02,962 | INFO | [Real World] New best val acc: 0.4099
2025-11-24 01:37:20,532 | INFO | [Real World] Epoch 3/5 | Train - Loss: 2.1449, Cls: 2.1416, GRQO: 0.0330, Acc: 0.6169 | Val - Loss: 1.9218, Cls: 1.9146, GRQO: 0.0721, Acc: 0.5580
2025-11-24 01:37:20,627 | INFO | [Real World] New best val acc: 0.5580
2025-11-24 01:37:37,627 | INFO | [Real World] Epoch 4/5 | Train - Loss: 1.2208, Cls: 1.2141, GRQO: 0.0669, Acc: 0.8499 | Val - Loss: 1.5385, Cls: 1.5283, GRQO: 0.1014, Acc: 0.5936
2025-11-24 01:37:37,714 | INFO | [Real World] New best val acc: 0.5936
2025-11-24 01:37:54,660 | INFO | [Real World] Epoch 5/5 | Train - Loss: 0.6156, Cls: 0.6077, GRQO: 0.0791, Acc: 0.9474 | Val - Loss: 1.4475, Cls: 1.4436, GRQO: 0.0395, Acc: 0.6303
2025-11-24 01:37:54,712 | INFO | [Real World] New best val acc: 0.6303
2025-11-24 01:37:54,712 | INFO | [Real World] Best Acc: 0.6303
2025-11-24 01:37:54,712 | INFO | ------------------------------------------------------------
2025-11-24 01:37:54,727 | INFO | LODO finished | Mean Acc: 0.5251 | Summary saved to ./search_temp\logs\lodo_summary_20251124_013754.json
2025-11-24 01:37:54,836 | INFO | === LODO: Leaving out domain 'Art' ===
2025-11-24 01:38:11,146 | INFO | [Art] Epoch 1/5 | Train - Loss: 3.9407, Cls: 3.9327, GRQO: 0.0160, Acc: 0.1722 | Val - Loss: 3.6417, Cls: 3.6367, GRQO: 0.0100, Acc: 0.2660
2025-11-24 01:38:11,212 | INFO | [Art] New best val acc: 0.2660
2025-11-24 01:38:27,396 | INFO | [Art] Epoch 2/5 | Train - Loss: 2.8548, Cls: 2.8459, GRQO: 0.0179, Acc: 0.4325 | Val - Loss: 2.7261, Cls: 2.7161, GRQO: 0.0200, Acc: 0.3649
2025-11-24 01:38:27,472 | INFO | [Art] New best val acc: 0.3649
2025-11-24 01:38:43,695 | INFO | [Art] Epoch 3/5 | Train - Loss: 1.7017, Cls: 1.6913, GRQO: 0.0207, Acc: 0.6594 | Val - Loss: 2.3176, Cls: 2.3086, GRQO: 0.0179, Acc: 0.4598
2025-11-24 01:38:43,761 | INFO | [Art] New best val acc: 0.4598
2025-11-24 01:39:00,159 | INFO | [Art] Epoch 4/5 | Train - Loss: 0.9196, Cls: 0.9109, GRQO: 0.0174, Acc: 0.8430 | Val - Loss: 2.2743, Cls: 2.2644, GRQO: 0.0197, Acc: 0.4660
2025-11-24 01:39:00,212 | INFO | [Art] New best val acc: 0.4660
2025-11-24 01:39:16,560 | INFO | [Art] Epoch 5/5 | Train - Loss: 0.4384, Cls: 0.4310, GRQO: 0.0148, Acc: 0.9612 | Val - Loss: 2.0767, Cls: 2.0681, GRQO: 0.0173, Acc: 0.4887
2025-11-24 01:39:16,650 | INFO | [Art] New best val acc: 0.4887
2025-11-24 01:39:16,650 | INFO | [Art] Best Acc: 0.4887
2025-11-24 01:39:16,651 | INFO | ------------------------------------------------------------
2025-11-24 01:39:16,759 | INFO | === LODO: Leaving out domain 'Clipart' ===
2025-11-24 01:39:32,909 | INFO | [Clipart] Epoch 1/5 | Train - Loss: 3.9933, Cls: 3.9857, GRQO: 0.0153, Acc: 0.1230 | Val - Loss: 3.8435, Cls: 3.8373, GRQO: 0.0124, Acc: 0.1879
2025-11-24 01:39:32,979 | INFO | [Clipart] New best val acc: 0.1879
2025-11-24 01:39:49,027 | INFO | [Clipart] Epoch 2/5 | Train - Loss: 3.0242, Cls: 3.0135, GRQO: 0.0214, Acc: 0.4704 | Val - Loss: 3.1085, Cls: 3.0935, GRQO: 0.0300, Acc: 0.2910
2025-11-24 01:39:49,094 | INFO | [Clipart] New best val acc: 0.2910
2025-11-24 01:40:05,278 | INFO | [Clipart] Epoch 3/5 | Train - Loss: 1.8358, Cls: 1.8212, GRQO: 0.0292, Acc: 0.6558 | Val - Loss: 2.7414, Cls: 2.7271, GRQO: 0.0286, Acc: 0.3276
2025-11-24 01:40:05,346 | INFO | [Clipart] New best val acc: 0.3276
2025-11-24 01:40:21,325 | INFO | [Clipart] Epoch 4/5 | Train - Loss: 1.0071, Cls: 0.9959, GRQO: 0.0224, Acc: 0.8457 | Val - Loss: 2.5457, Cls: 2.5324, GRQO: 0.0266, Acc: 0.3814
2025-11-24 01:40:21,391 | INFO | [Clipart] New best val acc: 0.3814
2025-11-24 01:40:37,491 | INFO | [Clipart] Epoch 5/5 | Train - Loss: 0.4922, Cls: 0.4833, GRQO: 0.0176, Acc: 0.9550 | Val - Loss: 2.5280, Cls: 2.5162, GRQO: 0.0235, Acc: 0.3849
2025-11-24 01:40:37,587 | INFO | [Clipart] New best val acc: 0.3849
2025-11-24 01:40:37,588 | INFO | [Clipart] Best Acc: 0.3849
2025-11-24 01:40:37,588 | INFO | ------------------------------------------------------------
2025-11-24 01:40:37,693 | INFO | === LODO: Leaving out domain 'Product' ===
2025-11-24 01:40:53,858 | INFO | [Product] Epoch 1/5 | Train - Loss: 4.0199, Cls: 4.0089, GRQO: 0.0221, Acc: 0.0965 | Val - Loss: 3.8001, Cls: 3.7960, GRQO: 0.0081, Acc: 0.2198
2025-11-24 01:40:53,928 | INFO | [Product] New best val acc: 0.2198
2025-11-24 01:41:10,041 | INFO | [Product] Epoch 2/5 | Train - Loss: 3.2224, Cls: 3.2148, GRQO: 0.0153, Acc: 0.4190 | Val - Loss: 2.9122, Cls: 2.9002, GRQO: 0.0239, Acc: 0.3416
2025-11-24 01:41:10,108 | INFO | [Product] New best val acc: 0.3416
2025-11-24 01:41:26,346 | INFO | [Product] Epoch 3/5 | Train - Loss: 2.1602, Cls: 2.1471, GRQO: 0.0263, Acc: 0.5536 | Val - Loss: 2.2066, Cls: 2.1952, GRQO: 0.0229, Acc: 0.4577
2025-11-24 01:41:26,413 | INFO | [Product] New best val acc: 0.4577
2025-11-24 01:41:42,807 | INFO | [Product] Epoch 4/5 | Train - Loss: 1.2995, Cls: 1.2892, GRQO: 0.0206, Acc: 0.7577 | Val - Loss: 1.8783, Cls: 1.8682, GRQO: 0.0201, Acc: 0.5468
2025-11-24 01:41:42,890 | INFO | [Product] New best val acc: 0.5468
2025-11-24 01:41:59,157 | INFO | [Product] Epoch 5/5 | Train - Loss: 0.7023, Cls: 0.6934, GRQO: 0.0178, Acc: 0.9080 | Val - Loss: 1.6891, Cls: 1.6806, GRQO: 0.0169, Acc: 0.5705
2025-11-24 01:41:59,226 | INFO | [Product] New best val acc: 0.5705
2025-11-24 01:41:59,227 | INFO | [Product] Best Acc: 0.5705
2025-11-24 01:41:59,227 | INFO | ------------------------------------------------------------
2025-11-24 01:41:59,323 | INFO | === LODO: Leaving out domain 'Real World' ===
2025-11-24 01:42:16,470 | INFO | [Real World] Epoch 1/5 | Train - Loss: 4.0125, Cls: 4.0024, GRQO: 0.0202, Acc: 0.1100 | Val - Loss: 3.6871, Cls: 3.6813, GRQO: 0.0115, Acc: 0.1665
2025-11-24 01:42:16,535 | INFO | [Real World] New best val acc: 0.1665
2025-11-24 01:42:33,441 | INFO | [Real World] Epoch 2/5 | Train - Loss: 3.2143, Cls: 3.2056, GRQO: 0.0175, Acc: 0.3167 | Val - Loss: 2.7417, Cls: 2.7322, GRQO: 0.0190, Acc: 0.3949
2025-11-24 01:42:33,507 | INFO | [Real World] New best val acc: 0.3949
2025-11-24 01:42:50,639 | INFO | [Real World] Epoch 3/5 | Train - Loss: 2.1607, Cls: 2.1494, GRQO: 0.0226, Acc: 0.5871 | Val - Loss: 2.0460, Cls: 2.0351, GRQO: 0.0220, Acc: 0.5040
2025-11-24 01:42:50,739 | INFO | [Real World] New best val acc: 0.5040
2025-11-24 01:43:08,538 | INFO | [Real World] Epoch 4/5 | Train - Loss: 1.2730, Cls: 1.2609, GRQO: 0.0241, Acc: 0.7920 | Val - Loss: 1.6707, Cls: 1.6596, GRQO: 0.0222, Acc: 0.6028
2025-11-24 01:43:08,609 | INFO | [Real World] New best val acc: 0.6028
2025-11-24 01:43:25,738 | INFO | [Real World] Epoch 5/5 | Train - Loss: 0.6537, Cls: 0.6436, GRQO: 0.0202, Acc: 0.9247 | Val - Loss: 1.4748, Cls: 1.4648, GRQO: 0.0201, Acc: 0.6338
2025-11-24 01:43:25,815 | INFO | [Real World] New best val acc: 0.6338
2025-11-24 01:43:25,816 | INFO | [Real World] Best Acc: 0.6338
2025-11-24 01:43:25,816 | INFO | ------------------------------------------------------------
2025-11-24 01:43:25,817 | INFO | LODO finished | Mean Acc: 0.5194 | Summary saved to ./search_temp\logs\lodo_summary_20251124_014325.json
2025-11-24 01:43:25,921 | INFO | === LODO: Leaving out domain 'Art' ===
2025-11-24 01:43:42,604 | INFO | [Art] Epoch 1/5 | Train - Loss: 3.8374, Cls: 3.8373, GRQO: 0.0007, Acc: 0.2011 | Val - Loss: 3.3946, Cls: 3.3941, GRQO: 0.0048, Acc: 0.2474
2025-11-24 01:43:42,688 | INFO | [Art] New best val acc: 0.2474
2025-11-24 01:43:59,257 | INFO | [Art] Epoch 2/5 | Train - Loss: 2.3462, Cls: 2.3351, GRQO: 0.1115, Acc: 0.5177 | Val - Loss: 2.2974, Cls: 2.3710, GRQO: -0.7357, Acc: 0.4082
2025-11-24 01:43:59,323 | INFO | [Art] New best val acc: 0.4082
2025-11-24 01:44:15,857 | INFO | [Art] Epoch 3/5 | Train - Loss: 0.0401, Cls: 0.9671, GRQO: -9.2701, Acc: 0.8065 | Val - Loss: -0.2157, Cls: 2.1190, GRQO: -23.3468, Acc: 0.4866
2025-11-24 01:44:15,925 | INFO | [Art] New best val acc: 0.4866
2025-11-24 01:44:32,120 | INFO | [Art] Epoch 4/5 | Train - Loss: -1.9383, Cls: 0.3974, GRQO: -23.3572, Acc: 0.9483 | Val - Loss: -0.3880, Cls: 2.0549, GRQO: -24.4284, Acc: 0.5072
2025-11-24 01:44:32,187 | INFO | [Art] New best val acc: 0.5072
2025-11-24 01:44:48,553 | INFO | [Art] Epoch 5/5 | Train - Loss: -2.2578, Cls: 0.1920, GRQO: -24.4980, Acc: 0.9829 | Val - Loss: -0.3978, Cls: 2.0609, GRQO: -24.5877, Acc: 0.5093
2025-11-24 01:44:48,622 | INFO | [Art] New best val acc: 0.5093
2025-11-24 01:44:48,622 | INFO | [Art] Best Acc: 0.5093
2025-11-24 01:44:48,623 | INFO | ------------------------------------------------------------
2025-11-24 01:44:48,720 | INFO | === LODO: Leaving out domain 'Clipart' ===
2025-11-24 01:45:04,796 | INFO | [Clipart] Epoch 1/5 | Train - Loss: 3.8948, Cls: 3.8952, GRQO: -0.0048, Acc: 0.1676 | Val - Loss: 3.6529, Cls: 3.6536, GRQO: -0.0068, Acc: 0.2234
2025-11-24 01:45:04,862 | INFO | [Clipart] New best val acc: 0.2234
2025-11-24 01:45:20,878 | INFO | [Clipart] Epoch 2/5 | Train - Loss: 2.6217, Cls: 2.6206, GRQO: 0.0113, Acc: 0.5693 | Val - Loss: 2.8689, Cls: 2.8622, GRQO: 0.0674, Acc: 0.3116
2025-11-24 01:45:20,943 | INFO | [Clipart] New best val acc: 0.3116
2025-11-24 01:45:37,136 | INFO | [Clipart] Epoch 3/5 | Train - Loss: 1.3047, Cls: 1.2938, GRQO: 0.1090, Acc: 0.7789 | Val - Loss: 2.5901, Cls: 2.5935, GRQO: -0.0340, Acc: 0.3528
2025-11-24 01:45:37,219 | INFO | [Clipart] New best val acc: 0.3528
2025-11-24 01:45:53,485 | INFO | [Clipart] Epoch 4/5 | Train - Loss: 0.4283, Cls: 0.4588, GRQO: -0.3046, Acc: 0.9452 | Val - Loss: 2.3003, Cls: 2.5786, GRQO: -2.7834, Acc: 0.3723
2025-11-24 01:45:53,557 | INFO | [Clipart] New best val acc: 0.3723
2025-11-24 01:46:09,735 | INFO | [Clipart] Epoch 5/5 | Train - Loss: -0.2352, Cls: 0.1539, GRQO: -3.8909, Acc: 0.9920 | Val - Loss: 0.4501, Cls: 2.5705, GRQO: -21.2047, Acc: 0.3895
2025-11-24 01:46:09,801 | INFO | [Clipart] New best val acc: 0.3895
2025-11-24 01:46:09,802 | INFO | [Clipart] Best Acc: 0.3895
2025-11-24 01:46:09,802 | INFO | ------------------------------------------------------------
2025-11-24 01:46:09,912 | INFO | === LODO: Leaving out domain 'Product' ===
2025-11-24 01:46:26,503 | INFO | [Product] Epoch 1/5 | Train - Loss: 3.9219, Cls: 3.9215, GRQO: 0.0040, Acc: 0.1328 | Val - Loss: 3.5396, Cls: 3.5401, GRQO: -0.0046, Acc: 0.1962
2025-11-24 01:46:26,584 | INFO | [Product] New best val acc: 0.1962
2025-11-24 01:46:43,000 | INFO | [Product] Epoch 2/5 | Train - Loss: 2.8206, Cls: 2.8170, GRQO: 0.0359, Acc: 0.4024 | Val - Loss: 2.5585, Cls: 2.5452, GRQO: 0.1332, Acc: 0.4070
2025-11-24 01:46:43,052 | INFO | [Product] New best val acc: 0.4070
2025-11-24 01:46:59,468 | INFO | [Product] Epoch 3/5 | Train - Loss: 1.4487, Cls: 1.4606, GRQO: -0.1193, Acc: 0.7066 | Val - Loss: 1.6637, Cls: 1.8805, GRQO: -2.1682, Acc: 0.5197
2025-11-24 01:46:59,536 | INFO | [Product] New best val acc: 0.5197
2025-11-24 01:47:16,204 | INFO | [Product] Epoch 4/5 | Train - Loss: -0.1742, Cls: 0.5986, GRQO: -7.7280, Acc: 0.9035 | Val - Loss: -0.6161, Cls: 1.6456, GRQO: -22.6170, Acc: 0.5761
2025-11-24 01:47:16,301 | INFO | [Product] New best val acc: 0.5761
2025-11-24 01:47:32,799 | INFO | [Product] Epoch 5/5 | Train - Loss: -1.9902, Cls: 0.2711, GRQO: -22.6135, Acc: 0.9735 | Val - Loss: -0.8478, Cls: 1.6030, GRQO: -24.5078, Acc: 0.5806
2025-11-24 01:47:32,883 | INFO | [Product] New best val acc: 0.5806
2025-11-24 01:47:32,883 | INFO | [Product] Best Acc: 0.5806
2025-11-24 01:47:32,883 | INFO | ------------------------------------------------------------
2025-11-24 01:47:33,016 | INFO | === LODO: Leaving out domain 'Real World' ===
2025-11-24 01:47:50,218 | INFO | [Real World] Epoch 1/5 | Train - Loss: 3.9681, Cls: 3.9683, GRQO: -0.0019, Acc: 0.1100 | Val - Loss: 3.5821, Cls: 3.5831, GRQO: -0.0094, Acc: 0.2124
2025-11-24 01:47:50,290 | INFO | [Real World] New best val acc: 0.2124
2025-11-24 01:48:07,560 | INFO | [Real World] Epoch 2/5 | Train - Loss: 2.9151, Cls: 2.9089, GRQO: 0.0625, Acc: 0.4053 | Val - Loss: 2.4298, Cls: 2.4009, GRQO: 0.2888, Acc: 0.4282
2025-11-24 01:48:07,643 | INFO | [Real World] New best val acc: 0.4282
2025-11-24 01:48:24,999 | INFO | [Real World] Epoch 3/5 | Train - Loss: 1.3412, Cls: 1.4368, GRQO: -0.9554, Acc: 0.7185 | Val - Loss: 0.7037, Cls: 1.6785, GRQO: -9.7484, Acc: 0.5924
2025-11-24 01:48:25,050 | INFO | [Real World] New best val acc: 0.5924
2025-11-24 01:48:42,149 | INFO | [Real World] Epoch 4/5 | Train - Loss: -1.2398, Cls: 0.6074, GRQO: -18.4720, Acc: 0.9109 | Val - Loss: -0.9032, Cls: 1.5287, GRQO: -24.3190, Acc: 0.6315
2025-11-24 01:48:42,216 | INFO | [Real World] New best val acc: 0.6315
2025-11-24 01:48:59,232 | INFO | [Real World] Epoch 5/5 | Train - Loss: -2.1685, Cls: 0.2645, GRQO: -24.3306, Acc: 0.9786 | Val - Loss: -0.9848, Cls: 1.4711, GRQO: -24.5583, Acc: 0.6418
2025-11-24 01:48:59,300 | INFO | [Real World] New best val acc: 0.6418
2025-11-24 01:48:59,314 | INFO | [Real World] Best Acc: 0.6418
2025-11-24 01:48:59,315 | INFO | ------------------------------------------------------------
2025-11-24 01:48:59,317 | INFO | LODO finished | Mean Acc: 0.5303 | Summary saved to ./search_temp\logs\lodo_summary_20251124_014859.json
2025-11-24 01:48:59,415 | INFO | === LODO: Leaving out domain 'Art' ===
2025-11-24 01:49:15,565 | INFO | [Art] Epoch 1/5 | Train - Loss: 3.9506, Cls: 3.9531, GRQO: -0.0049, Acc: 0.1418 | Val - Loss: 3.6956, Cls: 3.6991, GRQO: -0.0071, Acc: 0.2144
2025-11-24 01:49:15,639 | INFO | [Art] New best val acc: 0.2144
2025-11-24 01:49:32,014 | INFO | [Art] Epoch 2/5 | Train - Loss: 2.9514, Cls: 2.9517, GRQO: -0.0006, Acc: 0.4215 | Val - Loss: 2.8239, Cls: 2.8230, GRQO: 0.0018, Acc: 0.3320
2025-11-24 01:49:32,065 | INFO | [Art] New best val acc: 0.3320
2025-11-24 01:49:48,247 | INFO | [Art] Epoch 3/5 | Train - Loss: 1.8396, Cls: 1.8330, GRQO: 0.0132, Acc: 0.6271 | Val - Loss: 2.4032, Cls: 2.3974, GRQO: 0.0114, Acc: 0.4371
2025-11-24 01:49:48,317 | INFO | [Art] New best val acc: 0.4371
2025-11-24 01:50:04,580 | INFO | [Art] Epoch 4/5 | Train - Loss: 1.0434, Cls: 1.0398, GRQO: 0.0072, Acc: 0.8191 | Val - Loss: 2.1758, Cls: 2.1550, GRQO: 0.0415, Acc: 0.5010
2025-11-24 01:50:04,652 | INFO | [Art] New best val acc: 0.5010
2025-11-24 01:50:20,903 | INFO | [Art] Epoch 5/5 | Train - Loss: 0.5125, Cls: 0.5303, GRQO: -0.0357, Acc: 0.9339 | Val - Loss: 2.0749, Cls: 2.0906, GRQO: -0.0313, Acc: 0.5052
2025-11-24 01:50:20,966 | INFO | [Art] New best val acc: 0.5052
2025-11-24 01:50:20,967 | INFO | [Art] Best Acc: 0.5052
2025-11-24 01:50:20,968 | INFO | ------------------------------------------------------------
2025-11-24 01:50:21,064 | INFO | === LODO: Leaving out domain 'Clipart' ===
2025-11-24 01:50:37,030 | INFO | [Clipart] Epoch 1/5 | Train - Loss: 3.9858, Cls: 3.9862, GRQO: -0.0009, Acc: 0.1222 | Val - Loss: 3.8556, Cls: 3.8598, GRQO: -0.0084, Acc: 0.1993
2025-11-24 01:50:37,100 | INFO | [Clipart] New best val acc: 0.1993
2025-11-24 01:50:53,396 | INFO | [Clipart] Epoch 2/5 | Train - Loss: 3.0913, Cls: 3.0936, GRQO: -0.0046, Acc: 0.4695 | Val - Loss: 3.1248, Cls: 3.1230, GRQO: 0.0035, Acc: 0.2761
2025-11-24 01:50:53,468 | INFO | [Clipart] New best val acc: 0.2761
2025-11-24 01:51:09,412 | INFO | [Clipart] Epoch 3/5 | Train - Loss: 1.9727, Cls: 1.9698, GRQO: 0.0058, Acc: 0.6179 | Val - Loss: 2.8145, Cls: 2.8021, GRQO: 0.0247, Acc: 0.3081
2025-11-24 01:51:09,478 | INFO | [Clipart] New best val acc: 0.3081
2025-11-24 01:51:25,412 | INFO | [Clipart] Epoch 4/5 | Train - Loss: 1.1318, Cls: 1.1273, GRQO: 0.0090, Acc: 0.8123 | Val - Loss: 2.6398, Cls: 2.6054, GRQO: 0.0688, Acc: 0.3620
2025-11-24 01:51:25,488 | INFO | [Clipart] New best val acc: 0.3620
2025-11-24 01:51:41,463 | INFO | [Clipart] Epoch 5/5 | Train - Loss: 0.5611, Cls: 0.5682, GRQO: -0.0142, Acc: 0.9385 | Val - Loss: 2.6211, Cls: 2.5902, GRQO: 0.0619, Acc: 0.3860
2025-11-24 01:51:41,522 | INFO | [Clipart] New best val acc: 0.3860
2025-11-24 01:51:41,522 | INFO | [Clipart] Best Acc: 0.3860
2025-11-24 01:51:41,522 | INFO | ------------------------------------------------------------
2025-11-24 01:51:41,628 | INFO | === LODO: Leaving out domain 'Product' ===
2025-11-24 01:51:57,645 | INFO | [Product] Epoch 1/5 | Train - Loss: 4.0037, Cls: 4.0063, GRQO: -0.0052, Acc: 0.1072 | Val - Loss: 3.7604, Cls: 3.7661, GRQO: -0.0112, Acc: 0.1838
2025-11-24 01:51:57,722 | INFO | [Product] New best val acc: 0.1838
2025-11-24 01:52:13,970 | INFO | [Product] Epoch 2/5 | Train - Loss: 3.2184, Cls: 3.2147, GRQO: 0.0075, Acc: 0.3764 | Val - Loss: 2.9186, Cls: 2.9059, GRQO: 0.0255, Acc: 0.2999
2025-11-24 01:52:14,038 | INFO | [Product] New best val acc: 0.2999
2025-11-24 01:52:30,027 | INFO | [Product] Epoch 3/5 | Train - Loss: 2.1657, Cls: 2.1417, GRQO: 0.0481, Acc: 0.5585 | Val - Loss: 2.2036, Cls: 2.1679, GRQO: 0.0714, Acc: 0.4577
2025-11-24 01:52:30,095 | INFO | [Product] New best val acc: 0.4577
2025-11-24 01:52:46,210 | INFO | [Product] Epoch 4/5 | Train - Loss: 1.3633, Cls: 1.3538, GRQO: 0.0191, Acc: 0.7335 | Val - Loss: 1.8329, Cls: 1.8260, GRQO: 0.0139, Acc: 0.5197
2025-11-24 01:52:46,284 | INFO | [Product] New best val acc: 0.5197
2025-11-24 01:53:02,310 | INFO | [Product] Epoch 5/5 | Train - Loss: 0.7702, Cls: 0.8046, GRQO: -0.0688, Acc: 0.8623 | Val - Loss: 1.5746, Cls: 1.6549, GRQO: -0.1606, Acc: 0.5524
2025-11-24 01:53:02,402 | INFO | [Product] New best val acc: 0.5524
2025-11-24 01:53:02,403 | INFO | [Product] Best Acc: 0.5524
2025-11-24 01:53:02,403 | INFO | ------------------------------------------------------------
2025-11-24 01:53:02,511 | INFO | === LODO: Leaving out domain 'Real World' ===
2025-11-24 01:53:19,478 | INFO | [Real World] Epoch 1/5 | Train - Loss: 4.0128, Cls: 4.0155, GRQO: -0.0053, Acc: 0.1127 | Val - Loss: 3.7295, Cls: 3.7338, GRQO: -0.0086, Acc: 0.2285
2025-11-24 01:53:19,544 | INFO | [Real World] New best val acc: 0.2285
2025-11-24 01:53:36,076 | INFO | [Real World] Epoch 2/5 | Train - Loss: 3.2622, Cls: 3.2658, GRQO: -0.0072, Acc: 0.3497 | Val - Loss: 2.7848, Cls: 2.7879, GRQO: -0.0063, Acc: 0.3766
2025-11-24 01:53:36,148 | INFO | [Real World] New best val acc: 0.3766
2025-11-24 01:53:53,159 | INFO | [Real World] Epoch 3/5 | Train - Loss: 2.2626, Cls: 2.2647, GRQO: -0.0043, Acc: 0.5528 | Val - Loss: 2.0892, Cls: 2.0938, GRQO: -0.0093, Acc: 0.5086
2025-11-24 01:53:53,231 | INFO | [Real World] New best val acc: 0.5086
2025-11-24 01:54:10,896 | INFO | [Real World] Epoch 4/5 | Train - Loss: 1.4128, Cls: 1.4171, GRQO: -0.0086, Acc: 0.7457 | Val - Loss: 1.6857, Cls: 1.6877, GRQO: -0.0040, Acc: 0.5809
2025-11-24 01:54:10,964 | INFO | [Real World] New best val acc: 0.5809
2025-11-24 01:54:28,067 | INFO | [Real World] Epoch 5/5 | Train - Loss: 0.7745, Cls: 0.7812, GRQO: -0.0133, Acc: 0.8904 | Val - Loss: 1.5256, Cls: 1.5181, GRQO: 0.0148, Acc: 0.6142
2025-11-24 01:54:28,139 | INFO | [Real World] New best val acc: 0.6142
2025-11-24 01:54:28,139 | INFO | [Real World] Best Acc: 0.6142
2025-11-24 01:54:28,139 | INFO | ------------------------------------------------------------
2025-11-24 01:54:28,142 | INFO | LODO finished | Mean Acc: 0.5145 | Summary saved to ./search_temp\logs\lodo_summary_20251124_015428.json
2025-11-24 01:54:28,257 | INFO | === LODO: Leaving out domain 'Art' ===
2025-11-24 01:54:44,891 | INFO | [Art] Epoch 1/5 | Train - Loss: 3.9771, Cls: 3.9766, GRQO: 0.0093, Acc: 0.1136 | Val - Loss: 3.7602, Cls: 3.7599, GRQO: 0.0062, Acc: 0.1814
2025-11-24 01:54:44,977 | INFO | [Art] New best val acc: 0.1814
2025-11-24 01:55:01,574 | INFO | [Art] Epoch 2/5 | Train - Loss: 2.9502, Cls: 2.9495, GRQO: 0.0139, Acc: 0.4329 | Val - Loss: 2.8086, Cls: 2.8073, GRQO: 0.0271, Acc: 0.3381
2025-11-24 01:55:01,657 | INFO | [Art] New best val acc: 0.3381
2025-11-24 01:55:18,690 | INFO | [Art] Epoch 3/5 | Train - Loss: 1.7316, Cls: 1.7283, GRQO: 0.0661, Acc: 0.6287 | Val - Loss: 2.3657, Cls: 2.3594, GRQO: 0.1257, Acc: 0.4309
2025-11-24 01:55:18,781 | INFO | [Art] New best val acc: 0.4309
2025-11-24 01:55:35,593 | INFO | [Art] Epoch 4/5 | Train - Loss: 0.8604, Cls: 0.8561, GRQO: 0.0858, Acc: 0.8187 | Val - Loss: 2.1678, Cls: 2.1674, GRQO: 0.0087, Acc: 0.4701
2025-11-24 01:55:35,673 | INFO | [Art] New best val acc: 0.4701
2025-11-24 01:55:52,373 | INFO | [Art] Epoch 5/5 | Train - Loss: 0.4680, Cls: 0.4694, GRQO: -0.0264, Acc: 0.9190 | Val - Loss: 2.1731, Cls: 2.1837, GRQO: -0.2108, Acc: 0.4680
2025-11-24 01:55:52,373 | INFO | [Art] Best Acc: 0.4701
2025-11-24 01:55:52,373 | INFO | ------------------------------------------------------------
2025-11-24 01:55:52,486 | INFO | === LODO: Leaving out domain 'Clipart' ===
2025-11-24 01:56:08,857 | INFO | [Clipart] Epoch 1/5 | Train - Loss: 3.9762, Cls: 3.9757, GRQO: 0.0108, Acc: 0.1213 | Val - Loss: 3.8471, Cls: 3.8466, GRQO: 0.0097, Acc: 0.1764
2025-11-24 01:56:08,925 | INFO | [Clipart] New best val acc: 0.1764
2025-11-24 01:56:25,273 | INFO | [Clipart] Epoch 2/5 | Train - Loss: 2.9904, Cls: 2.9891, GRQO: 0.0260, Acc: 0.4904 | Val - Loss: 3.0616, Cls: 3.0573, GRQO: 0.0863, Acc: 0.2875
2025-11-24 01:56:25,347 | INFO | [Clipart] New best val acc: 0.2875
2025-11-24 01:56:41,856 | INFO | [Clipart] Epoch 3/5 | Train - Loss: 1.6477, Cls: 1.6424, GRQO: 0.1075, Acc: 0.6656 | Val - Loss: 2.6874, Cls: 2.6825, GRQO: 0.0973, Acc: 0.3288
2025-11-24 01:56:41,956 | INFO | [Clipart] New best val acc: 0.3288
2025-11-24 01:56:58,306 | INFO | [Clipart] Epoch 4/5 | Train - Loss: 0.8191, Cls: 0.8161, GRQO: 0.0602, Acc: 0.8395 | Val - Loss: 2.6019, Cls: 2.6034, GRQO: -0.0285, Acc: 0.3711
2025-11-24 01:56:58,378 | INFO | [Clipart] New best val acc: 0.3711
2025-11-24 01:57:14,711 | INFO | [Clipart] Epoch 5/5 | Train - Loss: 0.4247, Cls: 0.4260, GRQO: -0.0269, Acc: 0.9380 | Val - Loss: 2.5091, Cls: 2.5148, GRQO: -0.1150, Acc: 0.4009
2025-11-24 01:57:14,777 | INFO | [Clipart] New best val acc: 0.4009
2025-11-24 01:57:14,777 | INFO | [Clipart] Best Acc: 0.4009
2025-11-24 01:57:14,779 | INFO | ------------------------------------------------------------
2025-11-24 01:57:14,889 | INFO | === LODO: Leaving out domain 'Product' ===
2025-11-24 01:57:31,088 | INFO | [Product] Epoch 1/5 | Train - Loss: 4.0044, Cls: 4.0040, GRQO: 0.0079, Acc: 0.0767 | Val - Loss: 3.7394, Cls: 3.7391, GRQO: 0.0052, Acc: 0.2187
2025-11-24 01:57:31,204 | INFO | [Product] New best val acc: 0.2187
2025-11-24 01:57:47,521 | INFO | [Product] Epoch 2/5 | Train - Loss: 3.1768, Cls: 3.1761, GRQO: 0.0144, Acc: 0.3795 | Val - Loss: 2.7777, Cls: 2.7757, GRQO: 0.0405, Acc: 0.3427
2025-11-24 01:57:47,589 | INFO | [Product] New best val acc: 0.3427
2025-11-24 01:58:03,688 | INFO | [Product] Epoch 3/5 | Train - Loss: 2.0114, Cls: 2.0062, GRQO: 0.1049, Acc: 0.5729 | Val - Loss: 2.0339, Cls: 2.0282, GRQO: 0.1136, Acc: 0.4780
2025-11-24 01:58:03,756 | INFO | [Product] New best val acc: 0.4780
2025-11-24 01:58:19,920 | INFO | [Product] Epoch 4/5 | Train - Loss: 1.1313, Cls: 1.1320, GRQO: -0.0142, Acc: 0.7515 | Val - Loss: 1.7822, Cls: 1.7905, GRQO: -0.1671, Acc: 0.5569
2025-11-24 01:58:19,989 | INFO | [Product] New best val acc: 0.5569
2025-11-24 01:58:36,120 | INFO | [Product] Epoch 5/5 | Train - Loss: 0.7373, Cls: 0.7504, GRQO: -0.2611, Acc: 0.8551 | Val - Loss: 1.7028, Cls: 1.7210, GRQO: -0.3649, Acc: 0.5490
2025-11-24 01:58:36,120 | INFO | [Product] Best Acc: 0.5569
2025-11-24 01:58:36,120 | INFO | ------------------------------------------------------------
2025-11-24 01:58:36,237 | INFO | === LODO: Leaving out domain 'Real World' ===
2025-11-24 01:58:53,070 | INFO | [Real World] Epoch 1/5 | Train - Loss: 4.0200, Cls: 4.0196, GRQO: 0.0093, Acc: 0.0731 | Val - Loss: 3.7595, Cls: 3.7590, GRQO: 0.0099, Acc: 0.1596
2025-11-24 01:58:53,162 | INFO | [Real World] New best val acc: 0.1596
2025-11-24 01:59:10,318 | INFO | [Real World] Epoch 2/5 | Train - Loss: 3.2609, Cls: 3.2597, GRQO: 0.0238, Acc: 0.3131 | Val - Loss: 2.7682, Cls: 2.7648, GRQO: 0.0671, Acc: 0.3639
2025-11-24 01:59:10,371 | INFO | [Real World] New best val acc: 0.3639
2025-11-24 01:59:27,174 | INFO | [Real World] Epoch 3/5 | Train - Loss: 2.0257, Cls: 2.0200, GRQO: 0.1132, Acc: 0.5559 | Val - Loss: 1.8659, Cls: 1.8613, GRQO: 0.0907, Acc: 0.5258
2025-11-24 01:59:27,244 | INFO | [Real World] New best val acc: 0.5258
2025-11-24 01:59:44,286 | INFO | [Real World] Epoch 4/5 | Train - Loss: 1.1557, Cls: 1.1576, GRQO: -0.0385, Acc: 0.7630 | Val - Loss: 1.6117, Cls: 1.6243, GRQO: -0.2521, Acc: 0.5695
2025-11-24 01:59:44,384 | INFO | [Real World] New best val acc: 0.5695
2025-11-24 02:00:01,768 | INFO | [Real World] Epoch 5/5 | Train - Loss: 0.7047, Cls: 0.7191, GRQO: -0.2877, Acc: 0.8780 | Val - Loss: 1.4878, Cls: 1.5067, GRQO: -0.3788, Acc: 0.6051
2025-11-24 02:00:01,852 | INFO | [Real World] New best val acc: 0.6051
2025-11-24 02:00:01,852 | INFO | [Real World] Best Acc: 0.6051
2025-11-24 02:00:01,852 | INFO | ------------------------------------------------------------
2025-11-24 02:00:01,852 | INFO | LODO finished | Mean Acc: 0.5083 | Summary saved to ./search_temp\logs\lodo_summary_20251124_020001.json
2025-11-24 02:00:01,969 | INFO | === LODO: Leaving out domain 'Art' ===
2025-11-24 02:00:18,587 | INFO | [Art] Epoch 1/5 | Train - Loss: 3.8527, Cls: 3.8479, GRQO: 0.0956, Acc: 0.1669 | Val - Loss: 3.4403, Cls: 3.4364, GRQO: 0.0775, Acc: 0.2330
2025-11-24 02:00:18,667 | INFO | [Art] New best val acc: 0.2330
2025-11-24 02:00:35,351 | INFO | [Art] Epoch 2/5 | Train - Loss: 2.5445, Cls: 2.5374, GRQO: 0.1417, Acc: 0.4854 | Val - Loss: 2.6572, Cls: 2.6474, GRQO: 0.1972, Acc: 0.3608
2025-11-24 02:00:35,427 | INFO | [Art] New best val acc: 0.3608
2025-11-24 02:00:52,135 | INFO | [Art] Epoch 3/5 | Train - Loss: 1.3804, Cls: 1.3688, GRQO: 0.2334, Acc: 0.7522 | Val - Loss: 2.2685, Cls: 2.2502, GRQO: 0.3666, Acc: 0.4577
2025-11-24 02:00:52,203 | INFO | [Art] New best val acc: 0.4577
2025-11-24 02:01:08,714 | INFO | [Art] Epoch 4/5 | Train - Loss: 0.6561, Cls: 0.6407, GRQO: 0.3068, Acc: 0.9126 | Val - Loss: 2.1752, Cls: 2.1432, GRQO: 0.6416, Acc: 0.4845
2025-11-24 02:01:08,769 | INFO | [Art] New best val acc: 0.4845
2025-11-24 02:01:25,250 | INFO | [Art] Epoch 5/5 | Train - Loss: 0.2819, Cls: 0.2663, GRQO: 0.3120, Acc: 0.9852 | Val - Loss: 2.1295, Cls: 2.0985, GRQO: 0.6196, Acc: 0.4928
2025-11-24 02:01:25,333 | INFO | [Art] New best val acc: 0.4928
2025-11-24 02:01:25,333 | INFO | [Art] Best Acc: 0.4928
2025-11-24 02:01:25,333 | INFO | ------------------------------------------------------------
2025-11-24 02:01:25,560 | INFO | === LODO: Leaving out domain 'Clipart' ===
2025-11-24 02:01:41,833 | INFO | [Clipart] Epoch 1/5 | Train - Loss: 3.8932, Cls: 3.8883, GRQO: 0.0974, Acc: 0.1547 | Val - Loss: 3.6566, Cls: 3.6531, GRQO: 0.0714, Acc: 0.2279
2025-11-24 02:01:41,916 | INFO | [Clipart] New best val acc: 0.2279
2025-11-24 02:01:57,966 | INFO | [Clipart] Epoch 2/5 | Train - Loss: 2.6625, Cls: 2.6539, GRQO: 0.1732, Acc: 0.5212 | Val - Loss: 2.9961, Cls: 2.9811, GRQO: 0.3002, Acc: 0.2795
2025-11-24 02:01:58,035 | INFO | [Clipart] New best val acc: 0.2795
2025-11-24 02:02:13,916 | INFO | [Clipart] Epoch 3/5 | Train - Loss: 1.4875, Cls: 1.4684, GRQO: 0.3827, Acc: 0.7414 | Val - Loss: 2.7085, Cls: 2.6652, GRQO: 0.8671, Acc: 0.3402
2025-11-24 02:02:13,985 | INFO | [Clipart] New best val acc: 0.3402
2025-11-24 02:02:30,026 | INFO | [Clipart] Epoch 4/5 | Train - Loss: 0.6976, Cls: 0.6623, GRQO: 0.7060, Acc: 0.9260 | Val - Loss: 2.6492, Cls: 2.5713, GRQO: 1.5565, Acc: 0.3746
2025-11-24 02:02:30,092 | INFO | [Clipart] New best val acc: 0.3746
2025-11-24 02:02:46,132 | INFO | [Clipart] Epoch 5/5 | Train - Loss: 0.2930, Cls: 0.2587, GRQO: 0.6856, Acc: 0.9889 | Val - Loss: 2.5378, Cls: 2.4689, GRQO: 1.3791, Acc: 0.3963
2025-11-24 02:02:46,207 | INFO | [Clipart] New best val acc: 0.3963
2025-11-24 02:02:46,208 | INFO | [Clipart] Best Acc: 0.3963
2025-11-24 02:02:46,209 | INFO | ------------------------------------------------------------
2025-11-24 02:02:46,316 | INFO | === LODO: Leaving out domain 'Product' ===
2025-11-24 02:03:02,534 | INFO | [Product] Epoch 1/5 | Train - Loss: 3.9460, Cls: 3.9409, GRQO: 0.1027, Acc: 0.1283 | Val - Loss: 3.5406, Cls: 3.5368, GRQO: 0.0761, Acc: 0.2773
2025-11-24 02:03:02,600 | INFO | [Product] New best val acc: 0.2773
2025-11-24 02:03:18,565 | INFO | [Product] Epoch 2/5 | Train - Loss: 2.8995, Cls: 2.8932, GRQO: 0.1270, Acc: 0.4495 | Val - Loss: 2.5843, Cls: 2.5733, GRQO: 0.2197, Acc: 0.3957
2025-11-24 02:03:18,640 | INFO | [Product] New best val acc: 0.3957
2025-11-24 02:03:35,048 | INFO | [Product] Epoch 3/5 | Train - Loss: 1.7481, Cls: 1.7202, GRQO: 0.5584, Acc: 0.6703 | Val - Loss: 2.0224, Cls: 1.9688, GRQO: 1.0709, Acc: 0.5051
2025-11-24 02:03:35,126 | INFO | [Product] New best val acc: 0.5051
2025-11-24 02:03:51,197 | INFO | [Product] Epoch 4/5 | Train - Loss: 0.8704, Cls: 0.8113, GRQO: 1.1824, Acc: 0.8820 | Val - Loss: 1.7485, Cls: 1.6668, GRQO: 1.6340, Acc: 0.5614
2025-11-24 02:03:51,251 | INFO | [Product] New best val acc: 0.5614
2025-11-24 02:04:07,531 | INFO | [Product] Epoch 5/5 | Train - Loss: 0.4014, Cls: 0.3461, GRQO: 1.1073, Acc: 0.9704 | Val - Loss: 1.6698, Cls: 1.6003, GRQO: 1.3899, Acc: 0.5727
2025-11-24 02:04:07,599 | INFO | [Product] New best val acc: 0.5727
2025-11-24 02:04:07,599 | INFO | [Product] Best Acc: 0.5727
2025-11-24 02:04:07,599 | INFO | ------------------------------------------------------------
2025-11-24 02:04:07,712 | INFO | === LODO: Leaving out domain 'Real World' ===
2025-11-24 02:04:24,714 | INFO | [Real World] Epoch 1/5 | Train - Loss: 3.9208, Cls: 3.9162, GRQO: 0.0922, Acc: 0.1283 | Val - Loss: 3.4523, Cls: 3.4497, GRQO: 0.0531, Acc: 0.2698
2025-11-24 02:04:24,811 | INFO | [Real World] New best val acc: 0.2698
2025-11-24 02:04:41,817 | INFO | [Real World] Epoch 2/5 | Train - Loss: 2.8719, Cls: 2.8660, GRQO: 0.1184, Acc: 0.4298 | Val - Loss: 2.4595, Cls: 2.4518, GRQO: 0.1536, Acc: 0.4363
2025-11-24 02:04:41,896 | INFO | [Real World] New best val acc: 0.4363
2025-11-24 02:04:58,939 | INFO | [Real World] Epoch 3/5 | Train - Loss: 1.7580, Cls: 1.7462, GRQO: 0.2358, Acc: 0.6771 | Val - Loss: 1.8633, Cls: 1.8465, GRQO: 0.3359, Acc: 0.5626
2025-11-24 02:04:59,007 | INFO | [Real World] New best val acc: 0.5626
2025-11-24 02:05:15,792 | INFO | [Real World] Epoch 4/5 | Train - Loss: 0.8929, Cls: 0.8720, GRQO: 0.4185, Acc: 0.8869 | Val - Loss: 1.5932, Cls: 1.5594, GRQO: 0.6763, Acc: 0.6211
2025-11-24 02:05:15,882 | INFO | [Real World] New best val acc: 0.6211
2025-11-24 02:05:33,179 | INFO | [Real World] Epoch 5/5 | Train - Loss: 0.3905, Cls: 0.3670, GRQO: 0.4701, Acc: 0.9759 | Val - Loss: 1.4513, Cls: 1.4160, GRQO: 0.7064, Acc: 0.6349
2025-11-24 02:05:33,261 | INFO | [Real World] New best val acc: 0.6349
2025-11-24 02:05:33,262 | INFO | [Real World] Best Acc: 0.6349
2025-11-24 02:05:33,263 | INFO | ------------------------------------------------------------
2025-11-24 02:05:33,264 | INFO | LODO finished | Mean Acc: 0.5242 | Summary saved to ./search_temp\logs\lodo_summary_20251124_020533.json
2025-11-24 02:05:33,395 | INFO | === LODO: Leaving out domain 'Art' ===
2025-11-24 02:05:50,129 | INFO | [Art] Epoch 1/5 | Train - Loss: 3.9556, Cls: 3.9583, GRQO: -0.0555, Acc: 0.1403 | Val - Loss: 3.6863, Cls: 3.6914, GRQO: -0.1006, Acc: 0.2351
2025-11-24 02:05:50,202 | INFO | [Art] New best val acc: 0.2351
2025-11-24 02:06:06,495 | INFO | [Art] Epoch 2/5 | Train - Loss: 2.6193, Cls: 2.6621, GRQO: -0.8563, Acc: 0.4781 | Val - Loss: 2.2477, Cls: 2.6292, GRQO: -7.6300, Acc: 0.3649
2025-11-24 02:06:06,568 | INFO | [Art] New best val acc: 0.3649
2025-11-24 02:06:23,111 | INFO | [Art] Epoch 3/5 | Train - Loss: 0.5940, Cls: 1.4514, GRQO: -17.1479, Acc: 0.6868 | Val - Loss: 1.1224, Cls: 2.3221, GRQO: -23.9946, Acc: 0.4495
2025-11-24 02:06:23,175 | INFO | [Art] New best val acc: 0.4495
2025-11-24 02:06:39,869 | INFO | [Art] Epoch 4/5 | Train - Loss: -0.3201, Cls: 0.8895, GRQO: -24.1924, Acc: 0.8396 | Val - Loss: 0.9165, Cls: 2.1577, GRQO: -24.8243, Acc: 0.4907
2025-11-24 02:06:39,929 | INFO | [Art] New best val acc: 0.4907
2025-11-24 02:06:56,344 | INFO | [Art] Epoch 5/5 | Train - Loss: -0.6407, Cls: 0.5915, GRQO: -24.6432, Acc: 0.9054 | Val - Loss: 0.9084, Cls: 2.1516, GRQO: -24.8646, Acc: 0.4804
2025-11-24 02:06:56,344 | INFO | [Art] Best Acc: 0.4907
2025-11-24 02:06:56,344 | INFO | ------------------------------------------------------------
2025-11-24 02:06:56,444 | INFO | === LODO: Leaving out domain 'Clipart' ===
2025-11-24 02:07:12,694 | INFO | [Clipart] Epoch 1/5 | Train - Loss: 3.9795, Cls: 3.9826, GRQO: -0.0618, Acc: 0.1306 | Val - Loss: 3.8330, Cls: 3.8376, GRQO: -0.0917, Acc: 0.1924
2025-11-24 02:07:12,746 | INFO | [Clipart] New best val acc: 0.1924
2025-11-24 02:07:29,242 | INFO | [Clipart] Epoch 2/5 | Train - Loss: 2.8468, Cls: 2.8682, GRQO: -0.4292, Acc: 0.4833 | Val - Loss: 2.6744, Cls: 2.9886, GRQO: -6.2851, Acc: 0.2749
2025-11-24 02:07:29,296 | INFO | [Clipart] New best val acc: 0.2749
2025-11-24 02:07:45,610 | INFO | [Clipart] Epoch 3/5 | Train - Loss: 0.9069, Cls: 1.5039, GRQO: -11.9389, Acc: 0.7026 | Val - Loss: 1.4925, Cls: 2.7088, GRQO: -24.3272, Acc: 0.3356
2025-11-24 02:07:45,678 | INFO | [Clipart] New best val acc: 0.3356
2025-11-24 02:08:02,176 | INFO | [Clipart] Epoch 4/5 | Train - Loss: -0.2784, Cls: 0.8912, GRQO: -23.3917, Acc: 0.8417 | Val - Loss: 1.4532, Cls: 2.6946, GRQO: -24.8282, Acc: 0.3425
2025-11-24 02:08:02,254 | INFO | [Clipart] New best val acc: 0.3425
2025-11-24 02:08:18,543 | INFO | [Clipart] Epoch 5/5 | Train - Loss: -0.6788, Cls: 0.5471, GRQO: -24.5188, Acc: 0.9318 | Val - Loss: 1.4984, Cls: 2.7368, GRQO: -24.7684, Acc: 0.3402
2025-11-24 02:08:18,543 | INFO | [Clipart] Best Acc: 0.3425
2025-11-24 02:08:18,544 | INFO | ------------------------------------------------------------
2025-11-24 02:08:18,650 | INFO | === LODO: Leaving out domain 'Product' ===
2025-11-24 02:08:35,243 | INFO | [Product] Epoch 1/5 | Train - Loss: 4.0004, Cls: 4.0023, GRQO: -0.0389, Acc: 0.0933 | Val - Loss: 3.7435, Cls: 3.7460, GRQO: -0.0498, Acc: 0.1962
2025-11-24 02:08:35,339 | INFO | [Product] New best val acc: 0.1962
2025-11-24 02:08:51,608 | INFO | [Product] Epoch 2/5 | Train - Loss: 3.1651, Cls: 3.1691, GRQO: -0.0806, Acc: 0.3652 | Val - Loss: 2.7071, Cls: 2.7161, GRQO: -0.1803, Acc: 0.3337
2025-11-24 02:08:51,672 | INFO | [Product] New best val acc: 0.3337
2025-11-24 02:09:07,691 | INFO | [Product] Epoch 3/5 | Train - Loss: 1.8990, Cls: 1.9673, GRQO: -1.3656, Acc: 0.5707 | Val - Loss: 1.7106, Cls: 2.0124, GRQO: -6.0374, Acc: 0.4690
2025-11-24 02:09:07,762 | INFO | [Product] New best val acc: 0.4690
2025-11-24 02:09:23,770 | INFO | [Product] Epoch 4/5 | Train - Loss: 0.6273, Cls: 1.2569, GRQO: -12.5924, Acc: 0.7367 | Val - Loss: 0.5648, Cls: 1.7489, GRQO: -23.6824, Acc: 0.5355
2025-11-24 02:09:23,826 | INFO | [Product] New best val acc: 0.5355
2025-11-24 02:09:40,091 | INFO | [Product] Epoch 5/5 | Train - Loss: -0.2622, Cls: 0.8362, GRQO: -21.9678, Acc: 0.8502 | Val - Loss: 0.4572, Cls: 1.6938, GRQO: -24.7320, Acc: 0.5457
2025-11-24 02:09:40,157 | INFO | [Product] New best val acc: 0.5457
2025-11-24 02:09:40,157 | INFO | [Product] Best Acc: 0.5457
2025-11-24 02:09:40,158 | INFO | ------------------------------------------------------------
2025-11-24 02:09:40,257 | INFO | === LODO: Leaving out domain 'Real World' ===
2025-11-24 02:09:57,339 | INFO | [Real World] Epoch 1/5 | Train - Loss: 4.0021, Cls: 4.0044, GRQO: -0.0456, Acc: 0.0677 | Val - Loss: 3.7225, Cls: 3.7252, GRQO: -0.0550, Acc: 0.1963
2025-11-24 02:09:57,407 | INFO | [Real World] New best val acc: 0.1963
2025-11-24 02:10:14,525 | INFO | [Real World] Epoch 2/5 | Train - Loss: 3.2064, Cls: 3.2107, GRQO: -0.0860, Acc: 0.3635 | Val - Loss: 2.6915, Cls: 2.6995, GRQO: -0.1605, Acc: 0.4133
2025-11-24 02:10:14,609 | INFO | [Real World] New best val acc: 0.4133
2025-11-24 02:10:31,806 | INFO | [Real World] Epoch 3/5 | Train - Loss: 1.9325, Cls: 1.9978, GRQO: -1.3062, Acc: 0.5853 | Val - Loss: 1.5955, Cls: 1.8521, GRQO: -5.1306, Acc: 0.5339
2025-11-24 02:10:31,882 | INFO | [Real World] New best val acc: 0.5339
2025-11-24 02:10:48,857 | INFO | [Real World] Epoch 4/5 | Train - Loss: 0.5073, Cls: 1.1156, GRQO: -12.1656, Acc: 0.7862 | Val - Loss: 0.4387, Cls: 1.6121, GRQO: -23.4678, Acc: 0.5786
2025-11-24 02:10:48,931 | INFO | [Real World] New best val acc: 0.5786
2025-11-24 02:11:06,022 | INFO | [Real World] Epoch 5/5 | Train - Loss: -0.5186, Cls: 0.6189, GRQO: -22.7507, Acc: 0.9180 | Val - Loss: 0.3182, Cls: 1.5567, GRQO: -24.7702, Acc: 0.5924
2025-11-24 02:11:06,093 | INFO | [Real World] New best val acc: 0.5924
2025-11-24 02:11:06,094 | INFO | [Real World] Best Acc: 0.5924
2025-11-24 02:11:06,094 | INFO | ------------------------------------------------------------
2025-11-24 02:11:06,095 | INFO | LODO finished | Mean Acc: 0.4928 | Summary saved to ./search_temp\logs\lodo_summary_20251124_021106.json
2025-11-24 02:11:06,191 | INFO | === LODO: Leaving out domain 'Art' ===
2025-11-24 02:11:22,638 | INFO | [Art] Epoch 1/5 | Train - Loss: 3.8387, Cls: 3.8357, GRQO: 0.0298, Acc: 0.1847 | Val - Loss: 3.3960, Cls: 3.3947, GRQO: 0.0133, Acc: 0.2454
2025-11-24 02:11:22,707 | INFO | [Art] New best val acc: 0.2454
2025-11-24 02:11:39,255 | INFO | [Art] Epoch 2/5 | Train - Loss: 2.4846, Cls: 2.4797, GRQO: 0.0492, Acc: 0.5067 | Val - Loss: 2.5647, Cls: 2.5558, GRQO: 0.0883, Acc: 0.3794
2025-11-24 02:11:39,355 | INFO | [Art] New best val acc: 0.3794
2025-11-24 02:11:55,707 | INFO | [Art] Epoch 3/5 | Train - Loss: 1.3108, Cls: 1.2947, GRQO: 0.1606, Acc: 0.7628 | Val - Loss: 2.2265, Cls: 2.1810, GRQO: 0.4554, Acc: 0.4928
2025-11-24 02:11:55,777 | INFO | [Art] New best val acc: 0.4928
2025-11-24 02:12:11,974 | INFO | [Art] Epoch 4/5 | Train - Loss: 0.5786, Cls: 0.5525, GRQO: 0.2609, Acc: 0.9293 | Val - Loss: 2.0869, Cls: 2.0437, GRQO: 0.4324, Acc: 0.5134
2025-11-24 02:12:12,040 | INFO | [Art] New best val acc: 0.5134
2025-11-24 02:12:28,420 | INFO | [Art] Epoch 5/5 | Train - Loss: 0.2444, Cls: 0.2260, GRQO: 0.1834, Acc: 0.9825 | Val - Loss: 2.0431, Cls: 2.0203, GRQO: 0.2277, Acc: 0.5196
2025-11-24 02:12:28,491 | INFO | [Art] New best val acc: 0.5196
2025-11-24 02:12:28,492 | INFO | [Art] Best Acc: 0.5196
2025-11-24 02:12:28,492 | INFO | ------------------------------------------------------------
2025-11-24 02:12:28,644 | INFO | === LODO: Leaving out domain 'Clipart' ===
2025-11-24 02:12:45,071 | INFO | [Clipart] Epoch 1/5 | Train - Loss: 3.9043, Cls: 3.9012, GRQO: 0.0314, Acc: 0.1641 | Val - Loss: 3.6734, Cls: 3.6726, GRQO: 0.0081, Acc: 0.2486
2025-11-24 02:12:45,170 | INFO | [Clipart] New best val acc: 0.2486
2025-11-24 02:13:01,447 | INFO | [Clipart] Epoch 2/5 | Train - Loss: 2.6963, Cls: 2.6931, GRQO: 0.0319, Acc: 0.5279 | Val - Loss: 3.0134, Cls: 3.0070, GRQO: 0.0643, Acc: 0.3001
2025-11-24 02:13:01,511 | INFO | [Clipart] New best val acc: 0.3001
2025-11-24 02:13:18,005 | INFO | [Clipart] Epoch 3/5 | Train - Loss: 1.5018, Cls: 1.4928, GRQO: 0.0898, Acc: 0.7356 | Val - Loss: 2.6864, Cls: 2.6609, GRQO: 0.2552, Acc: 0.3471
2025-11-24 02:13:18,072 | INFO | [Clipart] New best val acc: 0.3471
2025-11-24 02:13:34,286 | INFO | [Clipart] Epoch 4/5 | Train - Loss: 0.7055, Cls: 0.6841, GRQO: 0.2139, Acc: 0.9122 | Val - Loss: 2.6400, Cls: 2.5835, GRQO: 0.5647, Acc: 0.3711
2025-11-24 02:13:34,351 | INFO | [Clipart] New best val acc: 0.3711
2025-11-24 02:13:50,619 | INFO | [Clipart] Epoch 5/5 | Train - Loss: 0.2726, Cls: 0.2523, GRQO: 0.2027, Acc: 0.9862 | Val - Loss: 2.6343, Cls: 2.5873, GRQO: 0.4699, Acc: 0.3929
2025-11-24 02:13:50,688 | INFO | [Clipart] New best val acc: 0.3929
2025-11-24 02:13:50,688 | INFO | [Clipart] Best Acc: 0.3929
2025-11-24 02:13:50,688 | INFO | ------------------------------------------------------------
2025-11-24 02:13:50,786 | INFO | === LODO: Leaving out domain 'Product' ===
2025-11-24 02:14:07,122 | INFO | [Product] Epoch 1/5 | Train - Loss: 3.9466, Cls: 3.9442, GRQO: 0.0238, Acc: 0.1377 | Val - Loss: 3.5755, Cls: 3.5745, GRQO: 0.0101, Acc: 0.2627
2025-11-24 02:14:07,194 | INFO | [Product] New best val acc: 0.2627
2025-11-24 02:14:23,410 | INFO | [Product] Epoch 2/5 | Train - Loss: 2.8875, Cls: 2.8820, GRQO: 0.0554, Acc: 0.4549 | Val - Loss: 2.5958, Cls: 2.5849, GRQO: 0.1088, Acc: 0.3912
2025-11-24 02:14:23,471 | INFO | [Product] New best val acc: 0.3912
2025-11-24 02:14:39,644 | INFO | [Product] Epoch 3/5 | Train - Loss: 1.7361, Cls: 1.7127, GRQO: 0.2341, Acc: 0.6653 | Val - Loss: 2.0283, Cls: 1.9725, GRQO: 0.5579, Acc: 0.5152
2025-11-24 02:14:39,730 | INFO | [Product] New best val acc: 0.5152
2025-11-24 02:14:55,984 | INFO | [Product] Epoch 4/5 | Train - Loss: 0.8509, Cls: 0.8045, GRQO: 0.4638, Acc: 0.8739 | Val - Loss: 1.7215, Cls: 1.6688, GRQO: 0.5275, Acc: 0.5626
2025-11-24 02:14:56,037 | INFO | [Product] New best val acc: 0.5626
2025-11-24 02:15:12,151 | INFO | [Product] Epoch 5/5 | Train - Loss: 0.3646, Cls: 0.3425, GRQO: 0.2216, Acc: 0.9632 | Val - Loss: 1.5846, Cls: 1.6102, GRQO: -0.2558, Acc: 0.5784
2025-11-24 02:15:12,204 | INFO | [Product] New best val acc: 0.5784
2025-11-24 02:15:12,204 | INFO | [Product] Best Acc: 0.5784
2025-11-24 02:15:12,217 | INFO | ------------------------------------------------------------
2025-11-24 02:15:12,320 | INFO | === LODO: Leaving out domain 'Real World' ===
2025-11-24 02:15:29,617 | INFO | [Real World] Epoch 1/5 | Train - Loss: 3.9664, Cls: 3.9637, GRQO: 0.0267, Acc: 0.1024 | Val - Loss: 3.5410, Cls: 3.5405, GRQO: 0.0053, Acc: 0.2354
2025-11-24 02:15:29,702 | INFO | [Real World] New best val acc: 0.2354
2025-11-24 02:15:46,434 | INFO | [Real World] Epoch 2/5 | Train - Loss: 2.9502, Cls: 2.9478, GRQO: 0.0243, Acc: 0.4392 | Val - Loss: 2.4837, Cls: 2.4795, GRQO: 0.0420, Acc: 0.4409
2025-11-24 02:15:46,502 | INFO | [Real World] New best val acc: 0.4409
2025-11-24 02:16:03,718 | INFO | [Real World] Epoch 3/5 | Train - Loss: 1.7856, Cls: 1.7771, GRQO: 0.0848, Acc: 0.6824 | Val - Loss: 1.8987, Cls: 1.8809, GRQO: 0.1786, Acc: 0.5603
2025-11-24 02:16:03,787 | INFO | [Real World] New best val acc: 0.5603
2025-11-24 02:16:20,868 | INFO | [Real World] Epoch 4/5 | Train - Loss: 0.8740, Cls: 0.8489, GRQO: 0.2507, Acc: 0.8882 | Val - Loss: 1.5622, Cls: 1.5194, GRQO: 0.4283, Acc: 0.6303
2025-11-24 02:16:20,948 | INFO | [Real World] New best val acc: 0.6303
2025-11-24 02:16:37,666 | INFO | [Real World] Epoch 5/5 | Train - Loss: 0.3570, Cls: 0.3298, GRQO: 0.2726, Acc: 0.9782 | Val - Loss: 1.4908, Cls: 1.4495, GRQO: 0.4129, Acc: 0.6257
2025-11-24 02:16:37,666 | INFO | [Real World] Best Acc: 0.6303
2025-11-24 02:16:37,666 | INFO | ------------------------------------------------------------
2025-11-24 02:16:37,666 | INFO | LODO finished | Mean Acc: 0.5303 | Summary saved to ./search_temp\logs\lodo_summary_20251124_021637.json
2025-11-24 02:16:37,782 | INFO | === LODO: Leaving out domain 'Art' ===
2025-11-24 02:16:54,206 | INFO | [Art] Epoch 1/5 | Train - Loss: 3.9455, Cls: 3.9453, GRQO: 0.0053, Acc: 0.1399 | Val - Loss: 3.6417, Cls: 3.6418, GRQO: -0.0037, Acc: 0.2351
2025-11-24 02:16:54,279 | INFO | [Art] New best val acc: 0.2351
2025-11-24 02:17:10,509 | INFO | [Art] Epoch 2/5 | Train - Loss: 2.8514, Cls: 2.8498, GRQO: 0.0333, Acc: 0.4580 | Val - Loss: 2.7501, Cls: 2.7426, GRQO: 0.1506, Acc: 0.3464
2025-11-24 02:17:10,583 | INFO | [Art] New best val acc: 0.3464
2025-11-24 02:17:26,881 | INFO | [Art] Epoch 3/5 | Train - Loss: 1.5861, Cls: 1.5893, GRQO: -0.0651, Acc: 0.6667 | Val - Loss: 2.1315, Cls: 2.2491, GRQO: -2.3517, Acc: 0.4701
2025-11-24 02:17:26,967 | INFO | [Art] New best val acc: 0.4701
2025-11-24 02:17:43,600 | INFO | [Art] Epoch 4/5 | Train - Loss: 0.5161, Cls: 0.8580, GRQO: -6.8383, Acc: 0.8358 | Val - Loss: 1.0929, Cls: 2.2032, GRQO: -22.2056, Acc: 0.4825
2025-11-24 02:17:43,698 | INFO | [Art] New best val acc: 0.4825
2025-11-24 02:18:00,131 | INFO | [Art] Epoch 5/5 | Train - Loss: -0.5213, Cls: 0.4809, GRQO: -20.0441, Acc: 0.9266 | Val - Loss: 0.9428, Cls: 2.1640, GRQO: -24.4234, Acc: 0.4825
2025-11-24 02:18:00,131 | INFO | [Art] Best Acc: 0.4825
2025-11-24 02:18:00,131 | INFO | ------------------------------------------------------------
2025-11-24 02:18:00,231 | INFO | === LODO: Leaving out domain 'Clipart' ===
2025-11-24 02:18:16,464 | INFO | [Clipart] Epoch 1/5 | Train - Loss: 3.9885, Cls: 3.9885, GRQO: -0.0000, Acc: 0.1391 | Val - Loss: 3.8321, Cls: 3.8324, GRQO: -0.0064, Acc: 0.1856
2025-11-24 02:18:16,547 | INFO | [Clipart] New best val acc: 0.1856
2025-11-24 02:18:32,764 | INFO | [Clipart] Epoch 2/5 | Train - Loss: 3.0114, Cls: 3.0096, GRQO: 0.0372, Acc: 0.4766 | Val - Loss: 3.0319, Cls: 3.0202, GRQO: 0.2333, Acc: 0.2829
2025-11-24 02:18:32,842 | INFO | [Clipart] New best val acc: 0.2829
2025-11-24 02:18:49,113 | INFO | [Clipart] Epoch 3/5 | Train - Loss: 1.6544, Cls: 1.6584, GRQO: -0.0791, Acc: 0.6549 | Val - Loss: 2.3170, Cls: 2.6183, GRQO: -6.0275, Acc: 0.3597
2025-11-24 02:18:49,166 | INFO | [Clipart] New best val acc: 0.3597
2025-11-24 02:19:05,480 | INFO | [Clipart] Epoch 4/5 | Train - Loss: 0.4255, Cls: 0.8446, GRQO: -8.3817, Acc: 0.8489 | Val - Loss: 1.3974, Cls: 2.5650, GRQO: -23.3513, Acc: 0.3631
2025-11-24 02:19:05,548 | INFO | [Clipart] New best val acc: 0.3631
2025-11-24 02:19:22,184 | INFO | [Clipart] Epoch 5/5 | Train - Loss: -0.6079, Cls: 0.4667, GRQO: -21.4924, Acc: 0.9345 | Val - Loss: 1.2832, Cls: 2.5028, GRQO: -24.3923, Acc: 0.3940
2025-11-24 02:19:22,246 | INFO | [Clipart] New best val acc: 0.3940
2025-11-24 02:19:22,247 | INFO | [Clipart] Best Acc: 0.3940
2025-11-24 02:19:22,248 | INFO | ------------------------------------------------------------
2025-11-24 02:19:22,346 | INFO | === LODO: Leaving out domain 'Product' ===
2025-11-24 02:19:38,546 | INFO | [Product] Epoch 1/5 | Train - Loss: 3.9960, Cls: 3.9959, GRQO: 0.0010, Acc: 0.1220 | Val - Loss: 3.7199, Cls: 3.7204, GRQO: -0.0088, Acc: 0.1939
2025-11-24 02:19:38,624 | INFO | [Product] New best val acc: 0.1939
2025-11-24 02:19:54,812 | INFO | [Product] Epoch 2/5 | Train - Loss: 3.1647, Cls: 3.1639, GRQO: 0.0161, Acc: 0.3567 | Val - Loss: 2.8302, Cls: 2.8250, GRQO: 0.1038, Acc: 0.3529
2025-11-24 02:19:54,875 | INFO | [Product] New best val acc: 0.3529
2025-11-24 02:20:10,912 | INFO | [Product] Epoch 3/5 | Train - Loss: 2.0553, Cls: 2.0547, GRQO: 0.0111, Acc: 0.5684 | Val - Loss: 2.0145, Cls: 2.0726, GRQO: -1.1611, Acc: 0.4656
2025-11-24 02:20:10,981 | INFO | [Product] New best val acc: 0.4656
2025-11-24 02:20:27,228 | INFO | [Product] Epoch 4/5 | Train - Loss: 1.0292, Cls: 1.1860, GRQO: -3.1346, Acc: 0.7533 | Val - Loss: 0.9497, Cls: 1.7588, GRQO: -16.1833, Acc: 0.5569
2025-11-24 02:20:27,311 | INFO | [Product] New best val acc: 0.5569
2025-11-24 02:20:43,912 | INFO | [Product] Epoch 5/5 | Train - Loss: -0.0050, Cls: 0.7742, GRQO: -15.5828, Acc: 0.8650 | Val - Loss: 0.4290, Cls: 1.6217, GRQO: -23.8555, Acc: 0.5806
2025-11-24 02:20:43,991 | INFO | [Product] New best val acc: 0.5806
2025-11-24 02:20:43,992 | INFO | [Product] Best Acc: 0.5806
2025-11-24 02:20:43,992 | INFO | ------------------------------------------------------------
2025-11-24 02:20:44,096 | INFO | === LODO: Leaving out domain 'Real World' ===
2025-11-24 02:21:01,116 | INFO | [Real World] Epoch 1/5 | Train - Loss: 3.9987, Cls: 3.9986, GRQO: 0.0006, Acc: 0.0927 | Val - Loss: 3.6929, Cls: 3.6934, GRQO: -0.0113, Acc: 0.2124
2025-11-24 02:21:01,185 | INFO | [Real World] New best val acc: 0.2124
2025-11-24 02:21:18,077 | INFO | [Real World] Epoch 2/5 | Train - Loss: 3.1948, Cls: 3.1937, GRQO: 0.0219, Acc: 0.3684 | Val - Loss: 2.6350, Cls: 2.6244, GRQO: 0.2109, Acc: 0.3777
2025-11-24 02:21:18,147 | INFO | [Real World] New best val acc: 0.3777
2025-11-24 02:21:35,143 | INFO | [Real World] Epoch 3/5 | Train - Loss: 1.9577, Cls: 1.9695, GRQO: -0.2349, Acc: 0.5893 | Val - Loss: 1.7057, Cls: 1.8727, GRQO: -3.3403, Acc: 0.5235
2025-11-24 02:21:35,227 | INFO | [Real World] New best val acc: 0.5235
2025-11-24 02:21:52,162 | INFO | [Real World] Epoch 4/5 | Train - Loss: 0.6878, Cls: 1.1288, GRQO: -8.8195, Acc: 0.7782 | Val - Loss: 0.4748, Cls: 1.5779, GRQO: -22.0618, Acc: 0.5798
2025-11-24 02:21:52,236 | INFO | [Real World] New best val acc: 0.5798
2025-11-24 02:22:08,860 | INFO | [Real World] Epoch 5/5 | Train - Loss: -0.3520, Cls: 0.6985, GRQO: -21.0114, Acc: 0.8927 | Val - Loss: 0.3059, Cls: 1.5114, GRQO: -24.1102, Acc: 0.6039
2025-11-24 02:22:08,941 | INFO | [Real World] New best val acc: 0.6039
2025-11-24 02:22:08,942 | INFO | [Real World] Best Acc: 0.6039
2025-11-24 02:22:08,942 | INFO | ------------------------------------------------------------
2025-11-24 02:22:08,943 | INFO | LODO finished | Mean Acc: 0.5153 | Summary saved to ./search_temp\logs\lodo_summary_20251124_022208.json
2025-11-24 02:22:09,062 | INFO | === LODO: Leaving out domain 'Art' ===
2025-11-24 02:22:25,359 | INFO | [Art] Epoch 1/5 | Train - Loss: 4.0411, Cls: 4.0133, GRQO: 0.2779, Acc: 0.1148 | Val - Loss: 3.8013, Cls: 3.7954, GRQO: 0.0587, Acc: 0.1794
2025-11-24 02:22:25,426 | INFO | [Art] New best val acc: 0.1794
2025-11-24 02:22:41,495 | INFO | [Art] Epoch 2/5 | Train - Loss: 3.2682, Cls: 3.2505, GRQO: 0.1777, Acc: 0.3843 | Val - Loss: 2.9790, Cls: 2.9745, GRQO: 0.0450, Acc: 0.2948
2025-11-24 02:22:41,660 | INFO | [Art] New best val acc: 0.2948
2025-11-24 02:22:57,775 | INFO | [Art] Epoch 3/5 | Train - Loss: 2.2614, Cls: 2.2420, GRQO: 0.1942, Acc: 0.5507 | Val - Loss: 2.5293, Cls: 2.5254, GRQO: 0.0387, Acc: 0.4103
2025-11-24 02:22:57,846 | INFO | [Art] New best val acc: 0.4103
2025-11-24 02:23:14,043 | INFO | [Art] Epoch 4/5 | Train - Loss: 1.4489, Cls: 1.4309, GRQO: 0.1801, Acc: 0.7461 | Val - Loss: 2.2566, Cls: 2.2535, GRQO: 0.0313, Acc: 0.4495
2025-11-24 02:23:14,092 | INFO | [Art] New best val acc: 0.4495
2025-11-24 02:23:30,424 | INFO | [Art] Epoch 5/5 | Train - Loss: 0.8717, Cls: 0.8551, GRQO: 0.1665, Acc: 0.8936 | Val - Loss: 2.1215, Cls: 2.1188, GRQO: 0.0267, Acc: 0.4742
2025-11-24 02:23:30,493 | INFO | [Art] New best val acc: 0.4742
2025-11-24 02:23:30,495 | INFO | [Art] Best Acc: 0.4742
2025-11-24 02:23:30,495 | INFO | ------------------------------------------------------------
2025-11-24 02:23:30,591 | INFO | === LODO: Leaving out domain 'Clipart' ===
2025-11-24 02:23:46,908 | INFO | [Clipart] Epoch 1/5 | Train - Loss: 4.0588, Cls: 4.0309, GRQO: 0.2791, Acc: 0.1106 | Val - Loss: 3.9020, Cls: 3.8962, GRQO: 0.0585, Acc: 0.1856
2025-11-24 02:23:46,993 | INFO | [Clipart] New best val acc: 0.1856
2025-11-24 02:24:03,340 | INFO | [Clipart] Epoch 2/5 | Train - Loss: 3.3723, Cls: 3.3548, GRQO: 0.1752, Acc: 0.4213 | Val - Loss: 3.2384, Cls: 3.2314, GRQO: 0.0700, Acc: 0.2600
2025-11-24 02:24:03,407 | INFO | [Clipart] New best val acc: 0.2600
2025-11-24 02:24:19,491 | INFO | [Clipart] Epoch 3/5 | Train - Loss: 2.3739, Cls: 2.3537, GRQO: 0.2025, Acc: 0.5680 | Val - Loss: 2.7818, Cls: 2.7767, GRQO: 0.0513, Acc: 0.3173
2025-11-24 02:24:19,554 | INFO | [Clipart] New best val acc: 0.3173
2025-11-24 02:24:35,707 | INFO | [Clipart] Epoch 4/5 | Train - Loss: 1.5793, Cls: 1.5606, GRQO: 0.1869, Acc: 0.7361 | Val - Loss: 2.6155, Cls: 2.6116, GRQO: 0.0388, Acc: 0.3540
2025-11-24 02:24:35,761 | INFO | [Clipart] New best val acc: 0.3540
2025-11-24 02:24:51,818 | INFO | [Clipart] Epoch 5/5 | Train - Loss: 0.9958, Cls: 0.9787, GRQO: 0.1711, Acc: 0.8778 | Val - Loss: 2.5045, Cls: 2.5015, GRQO: 0.0297, Acc: 0.3895
2025-11-24 02:24:51,875 | INFO | [Clipart] New best val acc: 0.3895
2025-11-24 02:24:51,875 | INFO | [Clipart] Best Acc: 0.3895
2025-11-24 02:24:51,875 | INFO | ------------------------------------------------------------
2025-11-24 02:24:51,990 | INFO | === LODO: Leaving out domain 'Product' ===
2025-11-24 02:25:08,290 | INFO | [Product] Epoch 1/5 | Train - Loss: 4.0853, Cls: 4.0611, GRQO: 0.2417, Acc: 0.0884 | Val - Loss: 3.8742, Cls: 3.8688, GRQO: 0.0541, Acc: 0.1432
2025-11-24 02:25:08,372 | INFO | [Product] New best val acc: 0.1432
2025-11-24 02:25:24,958 | INFO | [Product] Epoch 2/5 | Train - Loss: 3.5382, Cls: 3.5203, GRQO: 0.1792, Acc: 0.2844 | Val - Loss: 3.1358, Cls: 3.1304, GRQO: 0.0544, Acc: 0.2570
2025-11-24 02:25:25,006 | INFO | [Product] New best val acc: 0.2570
2025-11-24 02:25:41,073 | INFO | [Product] Epoch 3/5 | Train - Loss: 2.6736, Cls: 2.6541, GRQO: 0.1957, Acc: 0.4567 | Val - Loss: 2.4428, Cls: 2.4384, GRQO: 0.0441, Acc: 0.3844
2025-11-24 02:25:41,125 | INFO | [Product] New best val acc: 0.3844
2025-11-24 02:25:57,324 | INFO | [Product] Epoch 4/5 | Train - Loss: 1.9104, Cls: 1.8906, GRQO: 0.1980, Acc: 0.6308 | Val - Loss: 2.0220, Cls: 2.0180, GRQO: 0.0395, Acc: 0.4893
2025-11-24 02:25:57,396 | INFO | [Product] New best val acc: 0.4893
2025-11-24 02:26:13,555 | INFO | [Product] Epoch 5/5 | Train - Loss: 1.2607, Cls: 1.2422, GRQO: 0.1853, Acc: 0.7999 | Val - Loss: 1.8078, Cls: 1.8042, GRQO: 0.0357, Acc: 0.5423
2025-11-24 02:26:13,624 | INFO | [Product] New best val acc: 0.5423
2025-11-24 02:26:13,624 | INFO | [Product] Best Acc: 0.5423
2025-11-24 02:26:13,624 | INFO | ------------------------------------------------------------
2025-11-24 02:26:13,740 | INFO | === LODO: Leaving out domain 'Real World' ===
2025-11-24 02:26:30,760 | INFO | [Real World] Epoch 1/5 | Train - Loss: 4.0833, Cls: 4.0522, GRQO: 0.3115, Acc: 0.0984 | Val - Loss: 3.7943, Cls: 3.7885, GRQO: 0.0579, Acc: 0.1550
2025-11-24 02:26:30,828 | INFO | [Real World] New best val acc: 0.1550
2025-11-24 02:26:47,670 | INFO | [Real World] Epoch 2/5 | Train - Loss: 3.5152, Cls: 3.4989, GRQO: 0.1632, Acc: 0.2668 | Val - Loss: 3.0085, Cls: 3.0050, GRQO: 0.0351, Acc: 0.2778
2025-11-24 02:26:47,740 | INFO | [Real World] New best val acc: 0.2778
2025-11-24 02:27:04,355 | INFO | [Real World] Epoch 3/5 | Train - Loss: 2.6983, Cls: 2.6810, GRQO: 0.1727, Acc: 0.4548 | Val - Loss: 2.2827, Cls: 2.2797, GRQO: 0.0302, Acc: 0.4271
2025-11-24 02:27:04,420 | INFO | [Real World] New best val acc: 0.4271
2025-11-24 02:27:21,437 | INFO | [Real World] Epoch 4/5 | Train - Loss: 1.8938, Cls: 1.8763, GRQO: 0.1744, Acc: 0.6557 | Val - Loss: 1.8596, Cls: 1.8571, GRQO: 0.0247, Acc: 0.5408
2025-11-24 02:27:21,520 | INFO | [Real World] New best val acc: 0.5408
2025-11-24 02:27:38,620 | INFO | [Real World] Epoch 5/5 | Train - Loss: 1.2357, Cls: 1.2191, GRQO: 0.1660, Acc: 0.8316 | Val - Loss: 1.5743, Cls: 1.5722, GRQO: 0.0216, Acc: 0.5890
2025-11-24 02:27:38,706 | INFO | [Real World] New best val acc: 0.5890
2025-11-24 02:27:38,707 | INFO | [Real World] Best Acc: 0.5890
2025-11-24 02:27:38,707 | INFO | ------------------------------------------------------------
2025-11-24 02:27:38,709 | INFO | LODO finished | Mean Acc: 0.4987 | Summary saved to ./search_temp\logs\lodo_summary_20251124_022738.json
2025-11-24 02:27:38,820 | INFO | === LODO: Leaving out domain 'Art' ===
2025-11-24 02:27:54,837 | INFO | [Art] Epoch 1/5 | Train - Loss: 3.9514, Cls: 3.9457, GRQO: 0.0114, Acc: 0.1334 | Val - Loss: 3.5247, Cls: 3.5218, GRQO: 0.0058, Acc: 0.2371
2025-11-24 02:27:54,904 | INFO | [Art] New best val acc: 0.2371
2025-11-24 02:28:10,976 | INFO | [Art] Epoch 2/5 | Train - Loss: 2.8919, Cls: 2.8872, GRQO: 0.0094, Acc: 0.4405 | Val - Loss: 2.7409, Cls: 2.7349, GRQO: 0.0120, Acc: 0.3443
2025-11-24 02:28:11,036 | INFO | [Art] New best val acc: 0.3443
2025-11-24 02:28:27,152 | INFO | [Art] Epoch 3/5 | Train - Loss: 1.7939, Cls: 1.7858, GRQO: 0.0163, Acc: 0.6655 | Val - Loss: 2.3803, Cls: 2.3649, GRQO: 0.0308, Acc: 0.4289
2025-11-24 02:28:27,219 | INFO | [Art] New best val acc: 0.4289
2025-11-24 02:28:43,339 | INFO | [Art] Epoch 4/5 | Train - Loss: 0.9949, Cls: 0.9828, GRQO: 0.0242, Acc: 0.8723 | Val - Loss: 2.1351, Cls: 2.1088, GRQO: 0.0528, Acc: 0.4866
2025-11-24 02:28:43,404 | INFO | [Art] New best val acc: 0.4866
2025-11-24 02:28:59,435 | INFO | [Art] Epoch 5/5 | Train - Loss: 0.4975, Cls: 0.4825, GRQO: 0.0298, Acc: 0.9635 | Val - Loss: 2.0231, Cls: 1.9919, GRQO: 0.0625, Acc: 0.5258
2025-11-24 02:28:59,507 | INFO | [Art] New best val acc: 0.5258
2025-11-24 02:28:59,507 | INFO | [Art] Best Acc: 0.5258
2025-11-24 02:28:59,508 | INFO | ------------------------------------------------------------
2025-11-24 02:28:59,621 | INFO | === LODO: Leaving out domain 'Clipart' ===
2025-11-24 02:29:15,668 | INFO | [Clipart] Epoch 1/5 | Train - Loss: 3.9584, Cls: 3.9545, GRQO: 0.0078, Acc: 0.1761 | Val - Loss: 3.7206, Cls: 3.7186, GRQO: 0.0040, Acc: 0.2440
2025-11-24 02:29:15,735 | INFO | [Clipart] New best val acc: 0.2440
2025-11-24 02:29:31,834 | INFO | [Clipart] Epoch 2/5 | Train - Loss: 2.9785, Cls: 2.9745, GRQO: 0.0080, Acc: 0.5007 | Val - Loss: 2.9791, Cls: 2.9731, GRQO: 0.0121, Acc: 0.3070
2025-11-24 02:29:31,885 | INFO | [Clipart] New best val acc: 0.3070
2025-11-24 02:29:47,958 | INFO | [Clipart] Epoch 3/5 | Train - Loss: 1.8376, Cls: 1.8307, GRQO: 0.0139, Acc: 0.7093 | Val - Loss: 2.7069, Cls: 2.6889, GRQO: 0.0359, Acc: 0.3494
2025-11-24 02:29:48,017 | INFO | [Clipart] New best val acc: 0.3494
2025-11-24 02:30:04,317 | INFO | [Clipart] Epoch 4/5 | Train - Loss: 1.0048, Cls: 0.9936, GRQO: 0.0225, Acc: 0.8712 | Val - Loss: 2.5854, Cls: 2.5394, GRQO: 0.0920, Acc: 0.3849
2025-11-24 02:30:04,403 | INFO | [Clipart] New best val acc: 0.3849
2025-11-24 02:30:21,051 | INFO | [Clipart] Epoch 5/5 | Train - Loss: 0.5127, Cls: 0.4972, GRQO: 0.0310, Acc: 0.9768 | Val - Loss: 2.5067, Cls: 2.4540, GRQO: 0.1055, Acc: 0.4215
2025-11-24 02:30:21,121 | INFO | [Clipart] New best val acc: 0.4215
2025-11-24 02:30:21,121 | INFO | [Clipart] Best Acc: 0.4215
2025-11-24 02:30:21,121 | INFO | ------------------------------------------------------------
2025-11-24 02:30:21,235 | INFO | === LODO: Leaving out domain 'Product' ===
2025-11-24 02:30:37,838 | INFO | [Product] Epoch 1/5 | Train - Loss: 3.9912, Cls: 3.9876, GRQO: 0.0071, Acc: 0.1041 | Val - Loss: 3.5825, Cls: 3.5810, GRQO: 0.0030, Acc: 0.2300
2025-11-24 02:30:37,900 | INFO | [Product] New best val acc: 0.2300
2025-11-24 02:30:54,516 | INFO | [Product] Epoch 2/5 | Train - Loss: 3.1357, Cls: 3.1324, GRQO: 0.0065, Acc: 0.4020 | Val - Loss: 2.7327, Cls: 2.7295, GRQO: 0.0065, Acc: 0.3393
2025-11-24 02:30:54,583 | INFO | [Product] New best val acc: 0.3393
2025-11-24 02:31:10,816 | INFO | [Product] Epoch 3/5 | Train - Loss: 2.1287, Cls: 2.1233, GRQO: 0.0107, Acc: 0.6016 | Val - Loss: 2.1344, Cls: 2.1270, GRQO: 0.0147, Acc: 0.4893
2025-11-24 02:31:10,885 | INFO | [Product] New best val acc: 0.4893
2025-11-24 02:31:27,288 | INFO | [Product] Epoch 4/5 | Train - Loss: 1.2761, Cls: 1.2680, GRQO: 0.0162, Acc: 0.8147 | Val - Loss: 1.8477, Cls: 1.8280, GRQO: 0.0394, Acc: 0.5333
2025-11-24 02:31:27,349 | INFO | [Product] New best val acc: 0.5333
2025-11-24 02:31:43,985 | INFO | [Product] Epoch 5/5 | Train - Loss: 0.6898, Cls: 0.6769, GRQO: 0.0257, Acc: 0.9426 | Val - Loss: 1.6198, Cls: 1.5872, GRQO: 0.0651, Acc: 0.5795
2025-11-24 02:31:44,048 | INFO | [Product] New best val acc: 0.5795
2025-11-24 02:31:44,048 | INFO | [Product] Best Acc: 0.5795
2025-11-24 02:31:44,048 | INFO | ------------------------------------------------------------
2025-11-24 02:31:44,165 | INFO | === LODO: Leaving out domain 'Real World' ===
2025-11-24 02:32:01,248 | INFO | [Real World] Epoch 1/5 | Train - Loss: 4.0042, Cls: 3.9988, GRQO: 0.0110, Acc: 0.0927 | Val - Loss: 3.6194, Cls: 3.6168, GRQO: 0.0053, Acc: 0.2331
2025-11-24 02:32:01,314 | INFO | [Real World] New best val acc: 0.2331
2025-11-24 02:32:18,050 | INFO | [Real World] Epoch 2/5 | Train - Loss: 3.2174, Cls: 3.2140, GRQO: 0.0067, Acc: 0.3599 | Val - Loss: 2.6534, Cls: 2.6508, GRQO: 0.0053, Acc: 0.4202
2025-11-24 02:32:18,100 | INFO | [Real World] New best val acc: 0.4202
2025-11-24 02:32:34,970 | INFO | [Real World] Epoch 3/5 | Train - Loss: 2.2199, Cls: 2.2154, GRQO: 0.0090, Acc: 0.5969 | Val - Loss: 1.9820, Cls: 1.9767, GRQO: 0.0107, Acc: 0.5258
2025-11-24 02:32:35,053 | INFO | [Real World] New best val acc: 0.5258
2025-11-24 02:32:51,780 | INFO | [Real World] Epoch 4/5 | Train - Loss: 1.3387, Cls: 1.3327, GRQO: 0.0122, Acc: 0.7947 | Val - Loss: 1.5631, Cls: 1.5553, GRQO: 0.0156, Acc: 0.5878
2025-11-24 02:32:51,863 | INFO | [Real World] New best val acc: 0.5878
2025-11-24 02:33:08,950 | INFO | [Real World] Epoch 5/5 | Train - Loss: 0.7268, Cls: 0.7196, GRQO: 0.0145, Acc: 0.9421 | Val - Loss: 1.4256, Cls: 1.4131, GRQO: 0.0249, Acc: 0.6372
2025-11-24 02:33:09,014 | INFO | [Real World] New best val acc: 0.6372
2025-11-24 02:33:09,014 | INFO | [Real World] Best Acc: 0.6372
2025-11-24 02:33:09,014 | INFO | ------------------------------------------------------------
2025-11-24 02:33:09,014 | INFO | LODO finished | Mean Acc: 0.5410 | Summary saved to ./search_temp\logs\lodo_summary_20251124_023309.json
2025-11-24 02:33:09,131 | INFO | === LODO: Leaving out domain 'Art' ===
2025-11-24 02:33:25,097 | INFO | [Art] Epoch 1/5 | Train - Loss: 3.9463, Cls: 3.9463, GRQO: 0.0003, Acc: 0.1555 | Val - Loss: 3.7081, Cls: 3.7080, GRQO: 0.0007, Acc: 0.2247
2025-11-24 02:33:25,173 | INFO | [Art] New best val acc: 0.2247
2025-11-24 02:33:41,179 | INFO | [Art] Epoch 2/5 | Train - Loss: 2.8067, Cls: 2.8056, GRQO: 0.0206, Acc: 0.4371 | Val - Loss: 2.6511, Cls: 2.6508, GRQO: 0.0064, Acc: 0.3814
2025-11-24 02:33:41,249 | INFO | [Art] New best val acc: 0.3814
2025-11-24 02:33:57,413 | INFO | [Art] Epoch 3/5 | Train - Loss: 1.4900, Cls: 1.5156, GRQO: -0.5118, Acc: 0.6765 | Val - Loss: 2.2007, Cls: 2.2634, GRQO: -1.2549, Acc: 0.4412
2025-11-24 02:33:57,479 | INFO | [Art] New best val acc: 0.4412
2025-11-24 02:34:13,579 | INFO | [Art] Epoch 4/5 | Train - Loss: 0.8310, Cls: 0.9082, GRQO: -1.5431, Acc: 0.8233 | Val - Loss: 2.0671, Cls: 2.1664, GRQO: -1.9865, Acc: 0.4598
2025-11-24 02:34:13,645 | INFO | [Art] New best val acc: 0.4598
2025-11-24 02:34:29,712 | INFO | [Art] Epoch 5/5 | Train - Loss: 0.4732, Cls: 0.5747, GRQO: -2.0295, Acc: 0.9050 | Val - Loss: 2.0342, Cls: 2.1490, GRQO: -2.2959, Acc: 0.4557
2025-11-24 02:34:29,712 | INFO | [Art] Best Acc: 0.4598
2025-11-24 02:34:29,712 | INFO | ------------------------------------------------------------
2025-11-24 02:34:29,814 | INFO | === LODO: Leaving out domain 'Clipart' ===
2025-11-24 02:34:45,778 | INFO | [Clipart] Epoch 1/5 | Train - Loss: 3.9579, Cls: 3.9578, GRQO: 0.0005, Acc: 0.1342 | Val - Loss: 3.8158, Cls: 3.8158, GRQO: -0.0004, Acc: 0.1982
2025-11-24 02:34:45,844 | INFO | [Clipart] New best val acc: 0.1982
2025-11-24 02:35:01,893 | INFO | [Clipart] Epoch 2/5 | Train - Loss: 2.9094, Cls: 2.9080, GRQO: 0.0295, Acc: 0.4717 | Val - Loss: 2.8902, Cls: 2.9020, GRQO: -0.2352, Acc: 0.3013
2025-11-24 02:35:01,947 | INFO | [Clipart] New best val acc: 0.3013
2025-11-24 02:35:18,011 | INFO | [Clipart] Epoch 3/5 | Train - Loss: 1.4834, Cls: 1.5370, GRQO: -1.0720, Acc: 0.6719 | Val - Loss: 2.4793, Cls: 2.6675, GRQO: -3.7626, Acc: 0.3471
2025-11-24 02:35:18,076 | INFO | [Clipart] New best val acc: 0.3471
2025-11-24 02:35:34,659 | INFO | [Clipart] Epoch 4/5 | Train - Loss: 0.7596, Cls: 0.9469, GRQO: -3.7455, Acc: 0.8181 | Val - Loss: 2.3607, Cls: 2.5954, GRQO: -4.6934, Acc: 0.3826
2025-11-24 02:35:34,744 | INFO | [Clipart] New best val acc: 0.3826
2025-11-24 02:35:51,244 | INFO | [Clipart] Epoch 5/5 | Train - Loss: 0.4131, Cls: 0.6447, GRQO: -4.6318, Acc: 0.8961 | Val - Loss: 2.4371, Cls: 2.6787, GRQO: -4.8307, Acc: 0.3769
2025-11-24 02:35:51,244 | INFO | [Clipart] Best Acc: 0.3826
2025-11-24 02:35:51,244 | INFO | ------------------------------------------------------------
2025-11-24 02:35:51,372 | INFO | === LODO: Leaving out domain 'Product' ===
2025-11-24 02:36:08,058 | INFO | [Product] Epoch 1/5 | Train - Loss: 4.0078, Cls: 4.0078, GRQO: 0.0001, Acc: 0.0812 | Val - Loss: 3.7973, Cls: 3.7974, GRQO: -0.0012, Acc: 0.1950
2025-11-24 02:36:08,126 | INFO | [Product] New best val acc: 0.1950
2025-11-24 02:36:24,627 | INFO | [Product] Epoch 2/5 | Train - Loss: 3.2463, Cls: 3.2463, GRQO: 0.0004, Acc: 0.3580 | Val - Loss: 2.8863, Cls: 2.8860, GRQO: 0.0049, Acc: 0.3619
2025-11-24 02:36:24,693 | INFO | [Product] New best val acc: 0.3619
2025-11-24 02:36:41,026 | INFO | [Product] Epoch 3/5 | Train - Loss: 2.1262, Cls: 2.1248, GRQO: 0.0272, Acc: 0.5500 | Val - Loss: 2.0724, Cls: 2.0725, GRQO: -0.0013, Acc: 0.4994
2025-11-24 02:36:41,126 | INFO | [Product] New best val acc: 0.4994
2025-11-24 02:36:57,559 | INFO | [Product] Epoch 4/5 | Train - Loss: 1.1134, Cls: 1.1362, GRQO: -0.4558, Acc: 0.7681 | Val - Loss: 1.6957, Cls: 1.7698, GRQO: -1.4810, Acc: 0.5513
2025-11-24 02:36:57,659 | INFO | [Product] New best val acc: 0.5513
2025-11-24 02:37:13,692 | INFO | [Product] Epoch 5/5 | Train - Loss: 0.5332, Cls: 0.6233, GRQO: -1.8016, Acc: 0.8950 | Val - Loss: 1.4580, Cls: 1.6353, GRQO: -3.5464, Acc: 0.5648
2025-11-24 02:37:13,759 | INFO | [Product] New best val acc: 0.5648
2025-11-24 02:37:13,759 | INFO | [Product] Best Acc: 0.5648
2025-11-24 02:37:13,759 | INFO | ------------------------------------------------------------
2025-11-24 02:37:13,876 | INFO | === LODO: Leaving out domain 'Real World' ===
2025-11-24 02:37:31,195 | INFO | [Real World] Epoch 1/5 | Train - Loss: 4.0308, Cls: 4.0307, GRQO: 0.0020, Acc: 0.0757 | Val - Loss: 3.7682, Cls: 3.7682, GRQO: -0.0007, Acc: 0.1711
2025-11-24 02:37:31,260 | INFO | [Real World] New best val acc: 0.1711
2025-11-24 02:37:48,274 | INFO | [Real World] Epoch 2/5 | Train - Loss: 3.2975, Cls: 3.2974, GRQO: 0.0024, Acc: 0.3283 | Val - Loss: 2.7644, Cls: 2.7635, GRQO: 0.0166, Acc: 0.3628
2025-11-24 02:37:48,341 | INFO | [Real World] New best val acc: 0.3628
2025-11-24 02:38:05,557 | INFO | [Real World] Epoch 3/5 | Train - Loss: 2.0782, Cls: 2.0794, GRQO: -0.0231, Acc: 0.5439 | Val - Loss: 1.8605, Cls: 1.8855, GRQO: -0.4986, Acc: 0.5201
2025-11-24 02:38:05,624 | INFO | [Real World] New best val acc: 0.5201
2025-11-24 02:38:22,607 | INFO | [Real World] Epoch 4/5 | Train - Loss: 1.0813, Cls: 1.1817, GRQO: -2.0080, Acc: 0.7519 | Val - Loss: 1.4317, Cls: 1.6388, GRQO: -4.1423, Acc: 0.5614
2025-11-24 02:38:22,674 | INFO | [Real World] New best val acc: 0.5614
2025-11-24 02:38:39,657 | INFO | [Real World] Epoch 5/5 | Train - Loss: 0.5442, Cls: 0.7519, GRQO: -4.1535, Acc: 0.8615 | Val - Loss: 1.3824, Cls: 1.6223, GRQO: -4.7972, Acc: 0.5683
2025-11-24 02:38:39,733 | INFO | [Real World] New best val acc: 0.5683
2025-11-24 02:38:39,733 | INFO | [Real World] Best Acc: 0.5683
2025-11-24 02:38:39,733 | INFO | ------------------------------------------------------------
2025-11-24 02:38:39,733 | INFO | LODO finished | Mean Acc: 0.4939 | Summary saved to ./search_temp\logs\lodo_summary_20251124_023839.json
2025-11-24 02:38:39,850 | INFO | === LODO: Leaving out domain 'Art' ===
2025-11-24 02:38:56,390 | INFO | [Art] Epoch 1/5 | Train - Loss: 3.8649, Cls: 3.8586, GRQO: 0.0126, Acc: 0.1775 | Val - Loss: 3.4205, Cls: 3.4152, GRQO: 0.0106, Acc: 0.3134
2025-11-24 02:38:56,464 | INFO | [Art] New best val acc: 0.3134
2025-11-24 02:39:12,906 | INFO | [Art] Epoch 2/5 | Train - Loss: 2.5313, Cls: 2.5220, GRQO: 0.0188, Acc: 0.5230 | Val - Loss: 2.6199, Cls: 2.6100, GRQO: 0.0197, Acc: 0.3794
2025-11-24 02:39:12,970 | INFO | [Art] New best val acc: 0.3794
2025-11-24 02:39:29,474 | INFO | [Art] Epoch 3/5 | Train - Loss: 1.3483, Cls: 1.3395, GRQO: 0.0176, Acc: 0.7537 | Val - Loss: 2.2903, Cls: 2.2817, GRQO: 0.0172, Acc: 0.4474
2025-11-24 02:39:29,539 | INFO | [Art] New best val acc: 0.4474
2025-11-24 02:39:46,005 | INFO | [Art] Epoch 4/5 | Train - Loss: 0.6144, Cls: 0.6070, GRQO: 0.0147, Acc: 0.9327 | Val - Loss: 2.0875, Cls: 2.0792, GRQO: 0.0167, Acc: 0.5113
2025-11-24 02:39:46,072 | INFO | [Art] New best val acc: 0.5113
2025-11-24 02:40:02,488 | INFO | [Art] Epoch 5/5 | Train - Loss: 0.2570, Cls: 0.2511, GRQO: 0.0116, Acc: 0.9859 | Val - Loss: 2.0325, Cls: 2.0261, GRQO: 0.0129, Acc: 0.5196
2025-11-24 02:40:02,557 | INFO | [Art] New best val acc: 0.5196
2025-11-24 02:40:02,557 | INFO | [Art] Best Acc: 0.5196
2025-11-24 02:40:02,557 | INFO | ------------------------------------------------------------
2025-11-24 02:40:02,672 | INFO | === LODO: Leaving out domain 'Clipart' ===
2025-11-24 02:40:19,041 | INFO | [Clipart] Epoch 1/5 | Train - Loss: 3.9215, Cls: 3.9121, GRQO: 0.0187, Acc: 0.1618 | Val - Loss: 3.7142, Cls: 3.7086, GRQO: 0.0114, Acc: 0.2612
2025-11-24 02:40:19,104 | INFO | [Clipart] New best val acc: 0.2612
2025-11-24 02:40:35,222 | INFO | [Clipart] Epoch 2/5 | Train - Loss: 2.7090, Cls: 2.6981, GRQO: 0.0217, Acc: 0.5350 | Val - Loss: 2.9300, Cls: 2.9166, GRQO: 0.0268, Acc: 0.3322
2025-11-24 02:40:35,289 | INFO | [Clipart] New best val acc: 0.3322
2025-11-24 02:40:51,454 | INFO | [Clipart] Epoch 3/5 | Train - Loss: 1.4713, Cls: 1.4587, GRQO: 0.0252, Acc: 0.7459 | Val - Loss: 2.6917, Cls: 2.6786, GRQO: 0.0262, Acc: 0.3402
2025-11-24 02:40:51,521 | INFO | [Clipart] New best val acc: 0.3402
2025-11-24 02:41:07,637 | INFO | [Clipart] Epoch 4/5 | Train - Loss: 0.6831, Cls: 0.6742, GRQO: 0.0178, Acc: 0.9162 | Val - Loss: 2.4498, Cls: 2.4364, GRQO: 0.0268, Acc: 0.4135
2025-11-24 02:41:07,704 | INFO | [Clipart] New best val acc: 0.4135
2025-11-24 02:41:23,708 | INFO | [Clipart] Epoch 5/5 | Train - Loss: 0.2867, Cls: 0.2801, GRQO: 0.0132, Acc: 0.9866 | Val - Loss: 2.4674, Cls: 2.4575, GRQO: 0.0198, Acc: 0.4055
2025-11-24 02:41:23,708 | INFO | [Clipart] Best Acc: 0.4135
2025-11-24 02:41:23,708 | INFO | ------------------------------------------------------------
2025-11-24 02:41:23,821 | INFO | === LODO: Leaving out domain 'Product' ===
2025-11-24 02:41:39,997 | INFO | [Product] Epoch 1/5 | Train - Loss: 3.9472, Cls: 3.9390, GRQO: 0.0164, Acc: 0.1368 | Val - Loss: 3.5937, Cls: 3.5898, GRQO: 0.0077, Acc: 0.2074
2025-11-24 02:41:40,086 | INFO | [Product] New best val acc: 0.2074
2025-11-24 02:41:56,573 | INFO | [Product] Epoch 2/5 | Train - Loss: 2.8987, Cls: 2.8924, GRQO: 0.0126, Acc: 0.4190 | Val - Loss: 2.6762, Cls: 2.6704, GRQO: 0.0117, Acc: 0.3585
2025-11-24 02:41:56,643 | INFO | [Product] New best val acc: 0.3585
2025-11-24 02:42:13,270 | INFO | [Product] Epoch 3/5 | Train - Loss: 1.7939, Cls: 1.7862, GRQO: 0.0155, Acc: 0.6541 | Val - Loss: 2.1051, Cls: 2.0971, GRQO: 0.0161, Acc: 0.4870
2025-11-24 02:42:13,336 | INFO | [Product] New best val acc: 0.4870
2025-11-24 02:42:29,536 | INFO | [Product] Epoch 4/5 | Train - Loss: 0.9298, Cls: 0.9213, GRQO: 0.0169, Acc: 0.8744 | Val - Loss: 1.7604, Cls: 1.7525, GRQO: 0.0159, Acc: 0.5682
2025-11-24 02:42:29,609 | INFO | [Product] New best val acc: 0.5682
2025-11-24 02:42:45,769 | INFO | [Product] Epoch 5/5 | Train - Loss: 0.4188, Cls: 0.4115, GRQO: 0.0145, Acc: 0.9717 | Val - Loss: 1.6241, Cls: 1.6170, GRQO: 0.0141, Acc: 0.5919
2025-11-24 02:42:45,835 | INFO | [Product] New best val acc: 0.5919
2025-11-24 02:42:45,835 | INFO | [Product] Best Acc: 0.5919
2025-11-24 02:42:45,835 | INFO | ------------------------------------------------------------
2025-11-24 02:42:45,952 | INFO | === LODO: Leaving out domain 'Real World' ===
2025-11-24 02:43:03,135 | INFO | [Real World] Epoch 1/5 | Train - Loss: 3.9484, Cls: 3.9409, GRQO: 0.0149, Acc: 0.1020 | Val - Loss: 3.4714, Cls: 3.4682, GRQO: 0.0064, Acc: 0.2778
2025-11-24 02:43:03,204 | INFO | [Real World] New best val acc: 0.2778
2025-11-24 02:43:20,072 | INFO | [Real World] Epoch 2/5 | Train - Loss: 2.8804, Cls: 2.8742, GRQO: 0.0125, Acc: 0.4486 | Val - Loss: 2.4146, Cls: 2.4078, GRQO: 0.0135, Acc: 0.4443
2025-11-24 02:43:20,139 | INFO | [Real World] New best val acc: 0.4443
2025-11-24 02:43:37,284 | INFO | [Real World] Epoch 3/5 | Train - Loss: 1.7311, Cls: 1.7225, GRQO: 0.0172, Acc: 0.6882 | Val - Loss: 1.8814, Cls: 1.8743, GRQO: 0.0142, Acc: 0.5614
2025-11-24 02:43:37,364 | INFO | [Real World] New best val acc: 0.5614
2025-11-24 02:43:54,470 | INFO | [Real World] Epoch 4/5 | Train - Loss: 0.8764, Cls: 0.8693, GRQO: 0.0143, Acc: 0.8904 | Val - Loss: 1.5778, Cls: 1.5721, GRQO: 0.0114, Acc: 0.6177
2025-11-24 02:43:54,534 | INFO | [Real World] New best val acc: 0.6177
2025-11-24 02:44:11,584 | INFO | [Real World] Epoch 5/5 | Train - Loss: 0.3916, Cls: 0.3859, GRQO: 0.0114, Acc: 0.9751 | Val - Loss: 1.4484, Cls: 1.4438, GRQO: 0.0092, Acc: 0.6383
2025-11-24 02:44:11,667 | INFO | [Real World] New best val acc: 0.6383
2025-11-24 02:44:11,667 | INFO | [Real World] Best Acc: 0.6383
2025-11-24 02:44:11,667 | INFO | ------------------------------------------------------------
2025-11-24 02:44:11,667 | INFO | LODO finished | Mean Acc: 0.5408 | Summary saved to ./search_temp\logs\lodo_summary_20251124_024411.json
2025-11-24 02:44:11,784 | INFO | === LODO: Leaving out domain 'Art' ===
2025-11-24 02:44:27,985 | INFO | [Art] Epoch 1/5 | Train - Loss: 4.0234, Cls: 4.0111, GRQO: 0.2463, Acc: 0.0950 | Val - Loss: 3.8015, Cls: 3.7979, GRQO: 0.0713, Acc: 0.1485
2025-11-24 02:44:28,067 | INFO | [Art] New best val acc: 0.1485
2025-11-24 02:44:44,533 | INFO | [Art] Epoch 2/5 | Train - Loss: 3.2557, Cls: 3.2453, GRQO: 0.2096, Acc: 0.3626 | Val - Loss: 2.9609, Cls: 2.9561, GRQO: 0.0969, Acc: 0.2784
2025-11-24 02:44:44,600 | INFO | [Art] New best val acc: 0.2784
2025-11-24 02:45:01,120 | INFO | [Art] Epoch 3/5 | Train - Loss: 2.2675, Cls: 2.2555, GRQO: 0.2386, Acc: 0.5477 | Val - Loss: 2.4828, Cls: 2.4788, GRQO: 0.0806, Acc: 0.4041
2025-11-24 02:45:01,190 | INFO | [Art] New best val acc: 0.4041
2025-11-24 02:45:17,774 | INFO | [Art] Epoch 4/5 | Train - Loss: 1.4567, Cls: 1.4457, GRQO: 0.2206, Acc: 0.7476 | Val - Loss: 2.1673, Cls: 2.1634, GRQO: 0.0783, Acc: 0.4866
2025-11-24 02:45:17,840 | INFO | [Art] New best val acc: 0.4866
2025-11-24 02:45:33,982 | INFO | [Art] Epoch 5/5 | Train - Loss: 0.8853, Cls: 0.8747, GRQO: 0.2129, Acc: 0.8860 | Val - Loss: 2.0422, Cls: 2.0387, GRQO: 0.0689, Acc: 0.4969
2025-11-24 02:45:34,049 | INFO | [Art] New best val acc: 0.4969
2025-11-24 02:45:34,049 | INFO | [Art] Best Acc: 0.4969
2025-11-24 02:45:34,049 | INFO | ------------------------------------------------------------
2025-11-24 02:45:34,165 | INFO | === LODO: Leaving out domain 'Clipart' ===
2025-11-24 02:45:50,466 | INFO | [Clipart] Epoch 1/5 | Train - Loss: 4.0337, Cls: 4.0210, GRQO: 0.2530, Acc: 0.0887 | Val - Loss: 3.8985, Cls: 3.8954, GRQO: 0.0618, Acc: 0.1649
2025-11-24 02:45:50,532 | INFO | [Clipart] New best val acc: 0.1649
2025-11-24 02:46:06,565 | INFO | [Clipart] Epoch 2/5 | Train - Loss: 3.3508, Cls: 3.3415, GRQO: 0.1863, Acc: 0.4280 | Val - Loss: 3.2295, Cls: 3.2251, GRQO: 0.0884, Acc: 0.2612
2025-11-24 02:46:06,632 | INFO | [Clipart] New best val acc: 0.2612
2025-11-24 02:46:22,782 | INFO | [Clipart] Epoch 3/5 | Train - Loss: 2.3761, Cls: 2.3642, GRQO: 0.2374, Acc: 0.5778 | Val - Loss: 2.8831, Cls: 2.8774, GRQO: 0.1133, Acc: 0.2955
2025-11-24 02:46:22,848 | INFO | [Clipart] New best val acc: 0.2955
2025-11-24 02:46:38,981 | INFO | [Clipart] Epoch 4/5 | Train - Loss: 1.5598, Cls: 1.5483, GRQO: 0.2300, Acc: 0.7664 | Val - Loss: 2.6825, Cls: 2.6772, GRQO: 0.1070, Acc: 0.3448
2025-11-24 02:46:39,048 | INFO | [Clipart] New best val acc: 0.3448
2025-11-24 02:46:55,248 | INFO | [Clipart] Epoch 5/5 | Train - Loss: 0.9710, Cls: 0.9601, GRQO: 0.2184, Acc: 0.8752 | Val - Loss: 2.5025, Cls: 2.4977, GRQO: 0.0957, Acc: 0.3906
2025-11-24 02:46:55,316 | INFO | [Clipart] New best val acc: 0.3906
2025-11-24 02:46:55,316 | INFO | [Clipart] Best Acc: 0.3906
2025-11-24 02:46:55,316 | INFO | ------------------------------------------------------------
2025-11-24 02:46:55,431 | INFO | === LODO: Leaving out domain 'Product' ===
2025-11-24 02:47:11,464 | INFO | [Product] Epoch 1/5 | Train - Loss: 4.0642, Cls: 4.0507, GRQO: 0.2700, Acc: 0.0983 | Val - Loss: 3.8479, Cls: 3.8447, GRQO: 0.0657, Acc: 0.1635
2025-11-24 02:47:11,530 | INFO | [Product] New best val acc: 0.1635
2025-11-24 02:47:27,547 | INFO | [Product] Epoch 2/5 | Train - Loss: 3.4981, Cls: 3.4882, GRQO: 0.1994, Acc: 0.3082 | Val - Loss: 2.9775, Cls: 2.9723, GRQO: 0.1032, Acc: 0.3393
2025-11-24 02:47:27,613 | INFO | [Product] New best val acc: 0.3393
2025-11-24 02:47:43,913 | INFO | [Product] Epoch 3/5 | Train - Loss: 2.6083, Cls: 2.5952, GRQO: 0.2632, Acc: 0.4755 | Val - Loss: 2.3518, Cls: 2.3465, GRQO: 0.1058, Acc: 0.4070
2025-11-24 02:47:43,980 | INFO | [Product] New best val acc: 0.4070
2025-11-24 02:48:00,373 | INFO | [Product] Epoch 4/5 | Train - Loss: 1.8226, Cls: 1.8100, GRQO: 0.2532, Acc: 0.6640 | Val - Loss: 1.9670, Cls: 1.9625, GRQO: 0.0907, Acc: 0.4938
2025-11-24 02:48:00,431 | INFO | [Product] New best val acc: 0.4938
2025-11-24 02:48:16,962 | INFO | [Product] Epoch 5/5 | Train - Loss: 1.1921, Cls: 1.1804, GRQO: 0.2342, Acc: 0.8102 | Val - Loss: 1.7269, Cls: 1.7229, GRQO: 0.0803, Acc: 0.5378
2025-11-24 02:48:17,047 | INFO | [Product] New best val acc: 0.5378
2025-11-24 02:48:17,047 | INFO | [Product] Best Acc: 0.5378
2025-11-24 02:48:17,047 | INFO | ------------------------------------------------------------
2025-11-24 02:48:17,165 | INFO | === LODO: Leaving out domain 'Real World' ===
2025-11-24 02:48:34,296 | INFO | [Real World] Epoch 1/5 | Train - Loss: 4.0792, Cls: 4.0645, GRQO: 0.2946, Acc: 0.0766 | Val - Loss: 3.8587, Cls: 3.8551, GRQO: 0.0722, Acc: 0.1251
2025-11-24 02:48:34,379 | INFO | [Real World] New best val acc: 0.1251
2025-11-24 02:48:51,978 | INFO | [Real World] Epoch 2/5 | Train - Loss: 3.5765, Cls: 3.5660, GRQO: 0.2086, Acc: 0.2597 | Val - Loss: 3.1530, Cls: 3.1478, GRQO: 0.1053, Acc: 0.2801
2025-11-24 02:48:52,065 | INFO | [Real World] New best val acc: 0.2801
2025-11-24 02:49:09,195 | INFO | [Real World] Epoch 3/5 | Train - Loss: 2.7894, Cls: 2.7769, GRQO: 0.2499, Acc: 0.4561 | Val - Loss: 2.3588, Cls: 2.3537, GRQO: 0.1032, Acc: 0.4294
2025-11-24 02:49:09,264 | INFO | [Real World] New best val acc: 0.4294
2025-11-24 02:49:26,129 | INFO | [Real World] Epoch 4/5 | Train - Loss: 1.9664, Cls: 1.9538, GRQO: 0.2507, Acc: 0.6437 | Val - Loss: 1.9178, Cls: 1.9137, GRQO: 0.0816, Acc: 0.5224
2025-11-24 02:49:26,195 | INFO | [Real World] New best val acc: 0.5224
2025-11-24 02:49:43,779 | INFO | [Real World] Epoch 5/5 | Train - Loss: 1.2816, Cls: 1.2698, GRQO: 0.2370, Acc: 0.8134 | Val - Loss: 1.6428, Cls: 1.6392, GRQO: 0.0718, Acc: 0.5844
2025-11-24 02:49:43,847 | INFO | [Real World] New best val acc: 0.5844
2025-11-24 02:49:43,847 | INFO | [Real World] Best Acc: 0.5844
2025-11-24 02:49:43,847 | INFO | ------------------------------------------------------------
2025-11-24 02:49:43,847 | INFO | LODO finished | Mean Acc: 0.5024 | Summary saved to ./search_temp\logs\lodo_summary_20251124_024943.json
2025-11-24 02:49:43,967 | INFO | === LODO: Leaving out domain 'Art' ===
2025-11-24 02:50:00,811 | INFO | [Art] Epoch 1/5 | Train - Loss: 3.9081, Cls: 3.9012, GRQO: 0.1382, Acc: 0.1608 | Val - Loss: 3.5265, Cls: 3.5225, GRQO: 0.0799, Acc: 0.2577
2025-11-24 02:50:00,877 | INFO | [Art] New best val acc: 0.2577
2025-11-24 02:50:17,544 | INFO | [Art] Epoch 2/5 | Train - Loss: 2.7075, Cls: 2.7006, GRQO: 0.1385, Acc: 0.4926 | Val - Loss: 2.6916, Cls: 2.6857, GRQO: 0.1172, Acc: 0.3443
2025-11-24 02:50:17,626 | INFO | [Art] New best val acc: 0.3443
2025-11-24 02:50:34,050 | INFO | [Art] Epoch 3/5 | Train - Loss: 1.5153, Cls: 1.5069, GRQO: 0.1669, Acc: 0.7233 | Val - Loss: 2.2733, Cls: 2.2675, GRQO: 0.1152, Acc: 0.4598
2025-11-24 02:50:34,112 | INFO | [Art] New best val acc: 0.4598
2025-11-24 02:50:50,345 | INFO | [Art] Epoch 4/5 | Train - Loss: 0.7402, Cls: 0.7332, GRQO: 0.1399, Acc: 0.9012 | Val - Loss: 2.0441, Cls: 2.0380, GRQO: 0.1226, Acc: 0.5113
2025-11-24 02:50:50,410 | INFO | [Art] New best val acc: 0.5113
2025-11-24 02:51:06,610 | INFO | [Art] Epoch 5/5 | Train - Loss: 0.3255, Cls: 0.3194, GRQO: 0.1216, Acc: 0.9818 | Val - Loss: 2.0814, Cls: 2.0767, GRQO: 0.0928, Acc: 0.4866
2025-11-24 02:51:06,610 | INFO | [Art] Best Acc: 0.5113
2025-11-24 02:51:06,611 | INFO | ------------------------------------------------------------
2025-11-24 02:51:06,709 | INFO | === LODO: Leaving out domain 'Clipart' ===
2025-11-24 02:51:22,659 | INFO | [Clipart] Epoch 1/5 | Train - Loss: 3.9017, Cls: 3.8923, GRQO: 0.1880, Acc: 0.1877 | Val - Loss: 3.6731, Cls: 3.6702, GRQO: 0.0574, Acc: 0.2405
2025-11-24 02:51:22,725 | INFO | [Clipart] New best val acc: 0.2405
2025-11-24 02:51:38,792 | INFO | [Clipart] Epoch 2/5 | Train - Loss: 2.7104, Cls: 2.7045, GRQO: 0.1179, Acc: 0.5154 | Val - Loss: 2.9169, Cls: 2.9112, GRQO: 0.1145, Acc: 0.3104
2025-11-24 02:51:38,858 | INFO | [Clipart] New best val acc: 0.3104
2025-11-24 02:51:54,925 | INFO | [Clipart] Epoch 3/5 | Train - Loss: 1.5338, Cls: 1.5264, GRQO: 0.1491, Acc: 0.7321 | Val - Loss: 2.5916, Cls: 2.5828, GRQO: 0.1759, Acc: 0.3654
2025-11-24 02:51:54,993 | INFO | [Clipart] New best val acc: 0.3654
2025-11-24 02:52:11,225 | INFO | [Clipart] Epoch 4/5 | Train - Loss: 0.7632, Cls: 0.7565, GRQO: 0.1354, Acc: 0.9059 | Val - Loss: 2.4890, Cls: 2.4816, GRQO: 0.1486, Acc: 0.3975
2025-11-24 02:52:11,291 | INFO | [Clipart] New best val acc: 0.3975
2025-11-24 02:52:27,661 | INFO | [Clipart] Epoch 5/5 | Train - Loss: 0.3538, Cls: 0.3482, GRQO: 0.1121, Acc: 0.9799 | Val - Loss: 2.4329, Cls: 2.4258, GRQO: 0.1419, Acc: 0.4238
2025-11-24 02:52:27,761 | INFO | [Clipart] New best val acc: 0.4238
2025-11-24 02:52:27,761 | INFO | [Clipart] Best Acc: 0.4238
2025-11-24 02:52:27,761 | INFO | ------------------------------------------------------------
2025-11-24 02:52:27,883 | INFO | === LODO: Leaving out domain 'Product' ===
2025-11-24 02:52:44,225 | INFO | [Product] Epoch 1/5 | Train - Loss: 3.9544, Cls: 3.9478, GRQO: 0.1329, Acc: 0.1319 | Val - Loss: 3.5762, Cls: 3.5729, GRQO: 0.0662, Acc: 0.2322
2025-11-24 02:52:44,291 | INFO | [Product] New best val acc: 0.2322
2025-11-24 02:53:00,574 | INFO | [Product] Epoch 2/5 | Train - Loss: 2.9189, Cls: 2.9104, GRQO: 0.1705, Acc: 0.4266 | Val - Loss: 2.6559, Cls: 2.6486, GRQO: 0.1443, Acc: 0.3732
2025-11-24 02:53:00,624 | INFO | [Product] New best val acc: 0.3732
2025-11-24 02:53:16,757 | INFO | [Product] Epoch 3/5 | Train - Loss: 1.8386, Cls: 1.8290, GRQO: 0.1907, Acc: 0.6402 | Val - Loss: 2.0919, Cls: 2.0837, GRQO: 0.1635, Acc: 0.4882
2025-11-24 02:53:16,823 | INFO | [Product] New best val acc: 0.4882
2025-11-24 02:53:32,907 | INFO | [Product] Epoch 4/5 | Train - Loss: 1.0271, Cls: 1.0176, GRQO: 0.1903, Acc: 0.8493 | Val - Loss: 1.7882, Cls: 1.7805, GRQO: 0.1548, Acc: 0.5355
2025-11-24 02:53:32,973 | INFO | [Product] New best val acc: 0.5355
2025-11-24 02:53:49,011 | INFO | [Product] Epoch 5/5 | Train - Loss: 0.5253, Cls: 0.5171, GRQO: 0.1641, Acc: 0.9502 | Val - Loss: 1.6554, Cls: 1.6478, GRQO: 0.1511, Acc: 0.5637
2025-11-24 02:53:49,140 | INFO | [Product] New best val acc: 0.5637
2025-11-24 02:53:49,140 | INFO | [Product] Best Acc: 0.5637
2025-11-24 02:53:49,140 | INFO | ------------------------------------------------------------
2025-11-24 02:53:49,289 | INFO | === LODO: Leaving out domain 'Real World' ===
2025-11-24 02:54:06,439 | INFO | [Real World] Epoch 1/5 | Train - Loss: 3.9821, Cls: 3.9760, GRQO: 0.1226, Acc: 0.1154 | Val - Loss: 3.5769, Cls: 3.5736, GRQO: 0.0662, Acc: 0.2744
2025-11-24 02:54:06,529 | INFO | [Real World] New best val acc: 0.2744
2025-11-24 02:54:23,455 | INFO | [Real World] Epoch 2/5 | Train - Loss: 3.0082, Cls: 3.0009, GRQO: 0.1456, Acc: 0.4396 | Val - Loss: 2.4666, Cls: 2.4600, GRQO: 0.1309, Acc: 0.4466
2025-11-24 02:54:23,522 | INFO | [Real World] New best val acc: 0.4466
2025-11-24 02:54:40,242 | INFO | [Real World] Epoch 3/5 | Train - Loss: 1.8594, Cls: 1.8501, GRQO: 0.1851, Acc: 0.6610 | Val - Loss: 1.8398, Cls: 1.8333, GRQO: 0.1303, Acc: 0.5603
2025-11-24 02:54:40,306 | INFO | [Real World] New best val acc: 0.5603
2025-11-24 02:54:57,038 | INFO | [Real World] Epoch 4/5 | Train - Loss: 0.9998, Cls: 0.9917, GRQO: 0.1613, Acc: 0.8628 | Val - Loss: 1.5286, Cls: 1.5217, GRQO: 0.1377, Acc: 0.6234
2025-11-24 02:54:57,105 | INFO | [Real World] New best val acc: 0.6234
2025-11-24 02:55:13,841 | INFO | [Real World] Epoch 5/5 | Train - Loss: 0.4888, Cls: 0.4814, GRQO: 0.1479, Acc: 0.9559 | Val - Loss: 1.4250, Cls: 1.4190, GRQO: 0.1185, Acc: 0.6567
2025-11-24 02:55:13,909 | INFO | [Real World] New best val acc: 0.6567
2025-11-24 02:55:13,909 | INFO | [Real World] Best Acc: 0.6567
2025-11-24 02:55:13,909 | INFO | ------------------------------------------------------------
2025-11-24 02:55:13,909 | INFO | LODO finished | Mean Acc: 0.5389 | Summary saved to ./search_temp\logs\lodo_summary_20251124_025513.json
2025-11-24 02:55:14,027 | INFO | === LODO: Leaving out domain 'Art' ===
2025-11-24 02:55:30,256 | INFO | [Art] Epoch 1/5 | Train - Loss: 3.8690, Cls: 3.8677, GRQO: 0.0262, Acc: 0.1695 | Val - Loss: 3.4609, Cls: 3.4594, GRQO: 0.0294, Acc: 0.2825
2025-11-24 02:55:30,328 | INFO | [Art] New best val acc: 0.2825
2025-11-24 02:55:46,670 | INFO | [Art] Epoch 2/5 | Train - Loss: 2.5262, Cls: 2.5166, GRQO: 0.1927, Acc: 0.4952 | Val - Loss: 2.5025, Cls: 2.4736, GRQO: 0.5781, Acc: 0.4103
2025-11-24 02:55:46,769 | INFO | [Art] New best val acc: 0.4103
2025-11-24 02:56:03,354 | INFO | [Art] Epoch 3/5 | Train - Loss: 1.1269, Cls: 1.1566, GRQO: -0.5947, Acc: 0.7670 | Val - Loss: 1.8696, Cls: 2.1993, GRQO: -6.5953, Acc: 0.4742
2025-11-24 02:56:03,420 | INFO | [Art] New best val acc: 0.4742
2025-11-24 02:56:20,014 | INFO | [Art] Epoch 4/5 | Train - Loss: 0.2596, Cls: 0.5766, GRQO: -6.3398, Acc: 0.9027 | Val - Loss: 1.7174, Cls: 2.1720, GRQO: -9.0931, Acc: 0.4763
2025-11-24 02:56:20,070 | INFO | [Art] New best val acc: 0.4763
2025-11-24 02:56:36,611 | INFO | [Art] Epoch 5/5 | Train - Loss: -0.1312, Cls: 0.3030, GRQO: -8.6836, Acc: 0.9635 | Val - Loss: 1.6021, Cls: 2.0800, GRQO: -9.5583, Acc: 0.4907
2025-11-24 02:56:36,669 | INFO | [Art] New best val acc: 0.4907
2025-11-24 02:56:36,669 | INFO | [Art] Best Acc: 0.4907
2025-11-24 02:56:36,669 | INFO | ------------------------------------------------------------
2025-11-24 02:56:36,786 | INFO | === LODO: Leaving out domain 'Clipart' ===
2025-11-24 02:56:53,273 | INFO | [Clipart] Epoch 1/5 | Train - Loss: 3.9105, Cls: 3.9093, GRQO: 0.0259, Acc: 0.1467 | Val - Loss: 3.6861, Cls: 3.6848, GRQO: 0.0244, Acc: 0.2474
2025-11-24 02:56:53,336 | INFO | [Clipart] New best val acc: 0.2474
2025-11-24 02:57:09,311 | INFO | [Clipart] Epoch 2/5 | Train - Loss: 2.7161, Cls: 2.7110, GRQO: 0.1026, Acc: 0.5604 | Val - Loss: 2.9897, Cls: 2.9658, GRQO: 0.4778, Acc: 0.2749
2025-11-24 02:57:09,369 | INFO | [Clipart] New best val acc: 0.2749
2025-11-24 02:57:25,636 | INFO | [Clipart] Epoch 3/5 | Train - Loss: 1.3688, Cls: 1.3514, GRQO: 0.3493, Acc: 0.7503 | Val - Loss: 2.5092, Cls: 2.6114, GRQO: -2.0452, Acc: 0.3608
2025-11-24 02:57:25,687 | INFO | [Clipart] New best val acc: 0.3608
2025-11-24 02:57:42,135 | INFO | [Clipart] Epoch 4/5 | Train - Loss: 0.5071, Cls: 0.5976, GRQO: -1.8098, Acc: 0.9144 | Val - Loss: 2.1697, Cls: 2.5554, GRQO: -7.7143, Acc: 0.3814
2025-11-24 02:57:42,218 | INFO | [Clipart] New best val acc: 0.3814
2025-11-24 02:57:58,534 | INFO | [Clipart] Epoch 5/5 | Train - Loss: -0.0422, Cls: 0.2665, GRQO: -6.1735, Acc: 0.9831 | Val - Loss: 2.0396, Cls: 2.5133, GRQO: -9.4741, Acc: 0.4101
2025-11-24 02:57:58,628 | INFO | [Clipart] New best val acc: 0.4101
2025-11-24 02:57:58,628 | INFO | [Clipart] Best Acc: 0.4101
2025-11-24 02:57:58,628 | INFO | ------------------------------------------------------------
2025-11-24 02:57:58,736 | INFO | === LODO: Leaving out domain 'Product' ===
2025-11-24 02:58:15,084 | INFO | [Product] Epoch 1/5 | Train - Loss: 3.9660, Cls: 3.9646, GRQO: 0.0265, Acc: 0.1175 | Val - Loss: 3.6209, Cls: 3.6197, GRQO: 0.0237, Acc: 0.1984
2025-11-24 02:58:15,143 | INFO | [Product] New best val acc: 0.1984
2025-11-24 02:58:31,304 | INFO | [Product] Epoch 2/5 | Train - Loss: 2.9352, Cls: 2.9317, GRQO: 0.0707, Acc: 0.4150 | Val - Loss: 2.6753, Cls: 2.6674, GRQO: 0.1590, Acc: 0.3585
2025-11-24 02:58:31,384 | INFO | [Product] New best val acc: 0.3585
2025-11-24 02:58:47,536 | INFO | [Product] Epoch 3/5 | Train - Loss: 1.7459, Cls: 1.7296, GRQO: 0.3277, Acc: 0.6519 | Val - Loss: 1.9634, Cls: 1.9568, GRQO: 0.1334, Acc: 0.4791
2025-11-24 02:58:47,600 | INFO | [Product] New best val acc: 0.4791
2025-11-24 02:59:03,551 | INFO | [Product] Epoch 4/5 | Train - Loss: 0.8282, Cls: 0.8416, GRQO: -0.2677, Acc: 0.8560 | Val - Loss: 1.6415, Cls: 1.7147, GRQO: -1.4628, Acc: 0.5479
2025-11-24 02:59:03,600 | INFO | [Product] New best val acc: 0.5479
2025-11-24 02:59:19,516 | INFO | [Product] Epoch 5/5 | Train - Loss: 0.2934, Cls: 0.4204, GRQO: -2.5400, Acc: 0.9502 | Val - Loss: 1.3745, Cls: 1.6274, GRQO: -5.0579, Acc: 0.5603
2025-11-24 02:59:19,583 | INFO | [Product] New best val acc: 0.5603
2025-11-24 02:59:19,583 | INFO | [Product] Best Acc: 0.5603
2025-11-24 02:59:19,583 | INFO | ------------------------------------------------------------
2025-11-24 02:59:19,683 | INFO | === LODO: Leaving out domain 'Real World' ===
2025-11-24 02:59:36,805 | INFO | [Real World] Epoch 1/5 | Train - Loss: 3.9778, Cls: 3.9761, GRQO: 0.0346, Acc: 0.1109 | Val - Loss: 3.5884, Cls: 3.5874, GRQO: 0.0202, Acc: 0.2423
2025-11-24 02:59:36,868 | INFO | [Real World] New best val acc: 0.2423
2025-11-24 02:59:53,533 | INFO | [Real World] Epoch 2/5 | Train - Loss: 3.0177, Cls: 3.0146, GRQO: 0.0613, Acc: 0.4249 | Val - Loss: 2.4964, Cls: 2.4872, GRQO: 0.1840, Acc: 0.4443
2025-11-24 02:59:53,603 | INFO | [Real World] New best val acc: 0.4443
2025-11-24 03:00:11,004 | INFO | [Real World] Epoch 3/5 | Train - Loss: 1.7169, Cls: 1.6986, GRQO: 0.3666, Acc: 0.6788 | Val - Loss: 1.6132, Cls: 1.6219, GRQO: -0.1741, Acc: 0.5890
2025-11-24 03:00:11,065 | INFO | [Real World] New best val acc: 0.5890
2025-11-24 03:00:27,732 | INFO | [Real World] Epoch 4/5 | Train - Loss: 0.6819, Cls: 0.7509, GRQO: -1.3795, Acc: 0.8855 | Val - Loss: 1.1950, Cls: 1.5223, GRQO: -6.5459, Acc: 0.6315
2025-11-24 03:00:27,799 | INFO | [Real World] New best val acc: 0.6315
2025-11-24 03:00:44,898 | INFO | [Real World] Epoch 5/5 | Train - Loss: 0.0899, Cls: 0.3651, GRQO: -5.5034, Acc: 0.9644 | Val - Loss: 0.9630, Cls: 1.4026, GRQO: -8.7918, Acc: 0.6406
2025-11-24 03:00:44,992 | INFO | [Real World] New best val acc: 0.6406
2025-11-24 03:00:44,992 | INFO | [Real World] Best Acc: 0.6406
2025-11-24 03:00:44,992 | INFO | ------------------------------------------------------------
2025-11-24 03:00:44,998 | INFO | LODO finished | Mean Acc: 0.5254 | Summary saved to ./search_temp\logs\lodo_summary_20251124_030044.json
2025-11-24 03:00:45,137 | INFO | === LODO: Leaving out domain 'Art' ===
2025-11-24 03:01:01,281 | INFO | [Art] Epoch 1/5 | Train - Loss: 3.8741, Cls: 3.8701, GRQO: 0.0814, Acc: 0.1946 | Val - Loss: 3.3851, Cls: 3.3825, GRQO: 0.0520, Acc: 0.2742
2025-11-24 03:01:01,347 | INFO | [Art] New best val acc: 0.2742
2025-11-24 03:01:17,666 | INFO | [Art] Epoch 2/5 | Train - Loss: 2.5764, Cls: 2.5706, GRQO: 0.1169, Acc: 0.5044 | Val - Loss: 2.5602, Cls: 2.5492, GRQO: 0.2205, Acc: 0.3876
2025-11-24 03:01:17,729 | INFO | [Art] New best val acc: 0.3876
2025-11-24 03:01:34,298 | INFO | [Art] Epoch 3/5 | Train - Loss: 1.3927, Cls: 1.3770, GRQO: 0.3151, Acc: 0.7393 | Val - Loss: 2.1523, Cls: 2.1147, GRQO: 0.7521, Acc: 0.5196
2025-11-24 03:01:34,361 | INFO | [Art] New best val acc: 0.5196
2025-11-24 03:01:50,820 | INFO | [Art] Epoch 4/5 | Train - Loss: 0.6440, Cls: 0.6127, GRQO: 0.6254, Acc: 0.9160 | Val - Loss: 2.0864, Cls: 2.0374, GRQO: 0.9795, Acc: 0.5196
2025-11-24 03:02:07,031 | INFO | [Art] Epoch 5/5 | Train - Loss: 0.2751, Cls: 0.2496, GRQO: 0.5093, Acc: 0.9802 | Val - Loss: 2.0840, Cls: 2.0432, GRQO: 0.8166, Acc: 0.5010
2025-11-24 03:02:07,031 | INFO | [Art] Best Acc: 0.5196
2025-11-24 03:02:07,031 | INFO | ------------------------------------------------------------
2025-11-24 03:02:07,130 | INFO | === LODO: Leaving out domain 'Clipart' ===
2025-11-24 03:02:23,380 | INFO | [Clipart] Epoch 1/5 | Train - Loss: 3.9056, Cls: 3.8998, GRQO: 0.1156, Acc: 0.1556 | Val - Loss: 3.7146, Cls: 3.7117, GRQO: 0.0579, Acc: 0.2337
2025-11-24 03:02:23,447 | INFO | [Clipart] New best val acc: 0.2337
2025-11-24 03:02:39,713 | INFO | [Clipart] Epoch 2/5 | Train - Loss: 2.6781, Cls: 2.6710, GRQO: 0.1420, Acc: 0.5399 | Val - Loss: 2.9492, Cls: 2.9300, GRQO: 0.3827, Acc: 0.3093
2025-11-24 03:02:39,780 | INFO | [Clipart] New best val acc: 0.3093
2025-11-24 03:02:56,195 | INFO | [Clipart] Epoch 3/5 | Train - Loss: 1.4519, Cls: 1.4205, GRQO: 0.6296, Acc: 0.7472 | Val - Loss: 2.7728, Cls: 2.6773, GRQO: 1.9094, Acc: 0.3528
2025-11-24 03:02:56,272 | INFO | [Clipart] New best val acc: 0.3528
2025-11-24 03:03:12,533 | INFO | [Clipart] Epoch 4/5 | Train - Loss: 0.6505, Cls: 0.5926, GRQO: 1.1575, Acc: 0.9171 | Val - Loss: 2.5741, Cls: 2.4811, GRQO: 1.8594, Acc: 0.3986
2025-11-24 03:03:12,595 | INFO | [Clipart] New best val acc: 0.3986
2025-11-24 03:03:28,729 | INFO | [Clipart] Epoch 5/5 | Train - Loss: 0.2793, Cls: 0.2345, GRQO: 0.8962, Acc: 0.9866 | Val - Loss: 2.6043, Cls: 2.5381, GRQO: 1.3249, Acc: 0.3975
2025-11-24 03:03:28,729 | INFO | [Clipart] Best Acc: 0.3986
2025-11-24 03:03:28,730 | INFO | ------------------------------------------------------------
2025-11-24 03:03:28,830 | INFO | === LODO: Leaving out domain 'Product' ===
2025-11-24 03:03:44,841 | INFO | [Product] Epoch 1/5 | Train - Loss: 3.9396, Cls: 3.9358, GRQO: 0.0777, Acc: 0.1341 | Val - Loss: 3.5269, Cls: 3.5242, GRQO: 0.0525, Acc: 0.2582
2025-11-24 03:03:44,906 | INFO | [Product] New best val acc: 0.2582
2025-11-24 03:04:00,811 | INFO | [Product] Epoch 2/5 | Train - Loss: 2.8782, Cls: 2.8717, GRQO: 0.1310, Acc: 0.4316 | Val - Loss: 2.6419, Cls: 2.6307, GRQO: 0.2249, Acc: 0.4081
2025-11-24 03:04:00,878 | INFO | [Product] New best val acc: 0.4081
2025-11-24 03:04:16,844 | INFO | [Product] Epoch 3/5 | Train - Loss: 1.7677, Cls: 1.7462, GRQO: 0.4305, Acc: 0.6644 | Val - Loss: 2.0785, Cls: 2.0246, GRQO: 1.0769, Acc: 0.5220
2025-11-24 03:04:16,911 | INFO | [Product] New best val acc: 0.5220
2025-11-24 03:04:33,309 | INFO | [Product] Epoch 4/5 | Train - Loss: 0.8864, Cls: 0.8311, GRQO: 1.1071, Acc: 0.8748 | Val - Loss: 1.7576, Cls: 1.6763, GRQO: 1.6245, Acc: 0.5772
2025-11-24 03:04:33,373 | INFO | [Product] New best val acc: 0.5772
2025-11-24 03:04:49,568 | INFO | [Product] Epoch 5/5 | Train - Loss: 0.3879, Cls: 0.3346, GRQO: 1.0667, Acc: 0.9637 | Val - Loss: 1.6539, Cls: 1.5923, GRQO: 1.2321, Acc: 0.5874
2025-11-24 03:04:49,627 | INFO | [Product] New best val acc: 0.5874
2025-11-24 03:04:49,627 | INFO | [Product] Best Acc: 0.5874
2025-11-24 03:04:49,627 | INFO | ------------------------------------------------------------
2025-11-24 03:04:49,748 | INFO | === LODO: Leaving out domain 'Real World' ===
2025-11-24 03:05:06,409 | INFO | [Real World] Epoch 1/5 | Train - Loss: 3.9743, Cls: 3.9695, GRQO: 0.0969, Acc: 0.1029 | Val - Loss: 3.5902, Cls: 3.5879, GRQO: 0.0472, Acc: 0.1837
2025-11-24 03:05:06,477 | INFO | [Real World] New best val acc: 0.1837
2025-11-24 03:05:23,360 | INFO | [Real World] Epoch 2/5 | Train - Loss: 2.9983, Cls: 2.9929, GRQO: 0.1085, Acc: 0.3621 | Val - Loss: 2.5520, Cls: 2.5417, GRQO: 0.2068, Acc: 0.4328
2025-11-24 03:05:23,426 | INFO | [Real World] New best val acc: 0.4328
2025-11-24 03:05:40,359 | INFO | [Real World] Epoch 3/5 | Train - Loss: 1.8126, Cls: 1.7896, GRQO: 0.4607, Acc: 0.6633 | Val - Loss: 1.8720, Cls: 1.8185, GRQO: 1.0689, Acc: 0.5580
2025-11-24 03:05:40,426 | INFO | [Real World] New best val acc: 0.5580
2025-11-24 03:05:57,061 | INFO | [Real World] Epoch 4/5 | Train - Loss: 0.8781, Cls: 0.8217, GRQO: 1.1275, Acc: 0.8806 | Val - Loss: 1.6284, Cls: 1.5547, GRQO: 1.4754, Acc: 0.6039
2025-11-24 03:05:57,125 | INFO | [Real World] New best val acc: 0.6039
2025-11-24 03:06:14,458 | INFO | [Real World] Epoch 5/5 | Train - Loss: 0.3878, Cls: 0.3354, GRQO: 1.0485, Acc: 0.9688 | Val - Loss: 1.5225, Cls: 1.4670, GRQO: 1.1088, Acc: 0.6315
2025-11-24 03:06:14,559 | INFO | [Real World] New best val acc: 0.6315
2025-11-24 03:06:14,559 | INFO | [Real World] Best Acc: 0.6315
2025-11-24 03:06:14,559 | INFO | ------------------------------------------------------------
2025-11-24 03:06:14,559 | INFO | LODO finished | Mean Acc: 0.5343 | Summary saved to ./search_temp\logs\lodo_summary_20251124_030614.json
