{
  "lodo_results": {
    "Art": 0.5657189946435929,
    "Clipart": 0.48109965635738833,
    "Product": 0.7154764586618608,
    "Real World": 0.728253385356897
  },
  "timestamp": "20251115_001011"
}