{
  "lodo_results": {
    "Art": 0.5661310259579728,
    "Clipart": 0.4824742268041237,
    "Product": 0.7166028384771345,
    "Real World": 0.7355978884553592
  },
  "timestamp": "20251115_002507"
}