{
  "lodo_results": {
    "Art": 0.5714874330449115,
    "Clipart": 0.4813287514318442,
    "Product": 0.7159270105879703,
    "Real World": 0.7289419325223778
  },
  "timestamp": "20251114_223930"
}