{
  "lodo_results": {
    "VOC2007": 0.7325236966824644,
    "LabelMe": 0.6852409638554217,
    "Caltech101": 0.976678445229682,
    "SUN09": 0.7029250457038391
  },
  "timestamp": "20251010_045540"
}