{
  "lodo_results": {
    "location_38": 0.41558308590150506,
    "location_43": 0.49900497512437814,
    "location_46": 0.41016007840574975,
    "location_100": 0.5818815331010453
  },
  "timestamp": "20251020_141216"
}