{
  "lodo_results": {
    "red": 0.9836326076593039,
    "green": 0.9866814650388457,
    "blue": 0.9862068965517241
  },
  "timestamp": "20251021_044136"
}