{
  "lodo_results": {
    "location_38": 0.3785195044537729,
    "location_43": 0.4733830845771144,
    "location_46": 0.3451486442339105,
    "location_100": 0.5001024800163968
  },
  "timestamp": "20251011_042450"
}