{
  "lodo_results": {
    "Art": 0.5714874330449115,
    "Clipart": 0.49095074455899196,
    "Product": 0.7120973192160397,
    "Real World": 0.7314666054624742
  },
  "timestamp": "20251010_180446"
}