{
  "lodo_results": {
    "art_painting": 0.76708984375,
    "cartoon": 0.7440273037542662,
    "photo": 0.9467065868263473,
    "sketch": 0.7019597862051412
  },
  "timestamp": "20251105_095846"
}