{
  "lodo_results": {
    "art_painting": 0.8095703125,
    "cartoon": 0.7610921501706485,
    "photo": 0.9389221556886228,
    "sketch": 0.6716721812165946
  },
  "timestamp": "20251029_120654",
  "random_K":48,
  "epochs":5,
  "lr":1e-4
}