{
  "lodo_results": {
    "art_painting": 0.78857421875,
    "cartoon": 0.7495733788395904,
    "photo": 0.9383233532934132,
    "sketch": 0.7215576482565539
  },
  "timestamp": "20251029_124238",
  "random_k":32,
  "epochs":10,
  "lr":1e-4
}