{
  "lodo_results": {
    "art_painting": 0.77099609375,
    "cartoon": 0.746160409556314,
    "photo": 0.9502994011976048,
    "sketch": 0.6866887248663782
  },
  "timestamp": "20251029_124829",
  "random_k":48,
  "epochs":10,
  "lr":1e-4
}