{
  "lodo_results": {
    "art_painting": 0.7509765625,
    "cartoon": 0.7248293515358362,
    "photo": 0.9353293413173652,
    "sketch": 0.6703995927716976
  },
  "timestamp": "20251029_123405",
  "random_k":48,
  "epochs":10,
  "lr":1e-5
}