{
  "lodo_results": {
    "art_painting": 0.7724609375,
    "cartoon": 0.7397610921501706,
    "photo": 0.9401197604790419,
    "sketch": 0.6711631458386358
  },
  "timestamp": "20251105_095919"
}