{
  "lodo_results": {
    "art_painting": 0.8091265947006869,
    "cartoon": 0.7632252559726962,
    "photo": 0.9580838323353293,
    "sketch": 0.5942988037668618
  },
  "timestamp": "20251010_035456"
}