{
  "lodo_results": {
    "art_painting": 0.8317073170731707,
    "cartoon": 0.7569296375266524,
    "photo": 0.9640718562874252,
    "sketch": 0.6399491094147582
  },
  "timestamp": "20251009_011737"
}