{
  "lodo_results": {
    "art_painting": 0.8464180569185475,
    "cartoon": 0.7828498293515358,
    "photo": 0.9568862275449102,
    "sketch": 0.6553830491219139
  },
  "timestamp": "20251010_050417"
}