{
  "lodo_results": {
    "red": 0.9791832194501827,
    "green": 0.9711431742508324,
    "blue": 0.9757818765036087
  },
  "timestamp": "20251011_021016"
}