{
  "lodo_results": {
    "VOC2007": 0.7813981042654028,
    "LabelMe": 0.6822289156626506,
    "Caltech101": 0.9809187279151943,
    "SUN09": 0.7751371115173674
  },
  "timestamp": "20251010_090225"
}