{
  "lodo_results": {
    "art_painting": 0.8351324828263003,
    "cartoon": 0.7487201365187713,
    "photo": 0.9556886227544911,
    "sketch": 0.6955968439806567
  },
  "timestamp": "20251021_075533"
}