{
  "lodo_results": {
    "art_painting": 0.7831207065750736,
    "cartoon": 0.7546928327645052,
    "photo": 0.9431137724550899,
    "sketch": 0.6833799949096462
  },
  "timestamp": "20251010_034712"
}