{
  "lodo_results": {
    "VOC2007": 0.7482227488151659,
    "LabelMe": 0.6686746987951807,
    "Caltech101": 0.9717314487632509,
    "SUN09": 0.7126751980499695
  },
  "timestamp": "20251010_080415"
}