{
  "lodo_results": {
    "art_painting": 0.9214916584887144,
    "cartoon": 0.8378839590443686,
    "photo": 0.9952095808383233,
    "sketch": 0.7678798676508017
  },
  "timestamp": "20251020_081920"
}