{
  "lodo_results": {
    "Art": 0.6559538524927895,
    "Clipart": 0.5610538373424971,
    "Product": 0.7596305474205902,
    "Real World": 0.803305026394308
  },
  "timestamp": "20251010_193546"
}